"Year","state","fmhpi"
1975,"AK",37.2613055860833
1976,"AK",41.4116944450833
1977,"AK",45.1978506821667
1978,"AK",49.3920115435833
1979,"AK",55.2352889925833
1980,"AK",55.9112600815
1981,"AK",65.0333871359167
1982,"AK",75.6544347155
1983,"AK",83.02816412775
1984,"AK",85.2303712659167
1985,"AK",82.0224518765
1986,"AK",78.61928102175
1987,"AK",66.8962811399167
1988,"AK",68.0681817995
1989,"AK",60.4937085326667
1990,"AK",64.1028083880833
1991,"AK",71.1337727105
1992,"AK",74.3687681389167
1993,"AK",76.6154005755833
1994,"AK",80.9978922620833
1995,"AK",83.9852563415
1996,"AK",86.989342361
1997,"AK",89.99588454
1998,"AK",92.95282659575
1999,"AK",95.4350203796667
2000,"AK",97.99495865125
2001,"AK",103.368658033333
2002,"AK",109.96156922
2003,"AK",117.7363265175
2004,"AK",128.313439224167
2005,"AK",142.073855478333
2006,"AK",153.822175748333
2007,"AK",157.692946004167
2008,"AK",155.417671178333
2009,"AK",154.062920916667
2010,"AK",154.030789021667
2011,"AK",155.101190335
2012,"AK",155.9622415825
2013,"AK",161.7467265775
2014,"AK",166.499765655833
2015,"AK",171.213933216667
2016,"AK",173.554114226667
2017,"AK",175.975040605833
2018,"AK",178.5869547325
2019,"AK",182.550483323333
2020,"AK",189.7116053825
2021,"AK",206.03003451
1975,"AL",35.9810568033333
1976,"AL",38.04731610925
1977,"AL",40.2566957518333
1978,"AL",44.47707877025
1979,"AL",48.6881756193333
1980,"AL",51.0390218511667
1981,"AL",52.1046160536667
1982,"AL",53.0699488615
1983,"AL",55.0874908886667
1984,"AL",57.9400770093333
1985,"AL",59.52630365875
1986,"AL",62.6319747406667
1987,"AL",65.0363903211667
1988,"AL",66.2393858519167
1989,"AL",67.9696143946667
1990,"AL",69.6132401541667
1991,"AL",70.9020123485
1992,"AL",73.3157451646667
1993,"AL",76.5110595821667
1994,"AL",80.0952480394167
1995,"AL",83.1481461065833
1996,"AL",86.4069047580833
1997,"AL",89.39908761775
1998,"AL",92.1019960205833
1999,"AL",95.6991304423333
2000,"AL",98.979092874
2001,"AL",101.191301075833
2002,"AL",104.069900159167
2003,"AL",107.844755715
2004,"AL",113.211546568333
2005,"AL",121.482618760833
2006,"AL",131.55297841
2007,"AL",135.570206894167
2008,"AL",132.8952265875
2009,"AL",127.0808588875
2010,"AL",121.4141978075
2011,"AL",115.681047396667
2012,"AL",116.187353964167
2013,"AL",120.034566719167
2014,"AL",123.433780984167
2015,"AL",127.002389456667
2016,"AL",130.950126011667
2017,"AL",136.314021623333
2018,"AL",143.698258206667
2019,"AL",150.5812453525
2020,"AL",162.595839064167
2021,"AL",183.921235044444
1975,"AR",37.8171505325
1976,"AR",40.01593654875
1977,"AR",43.6177534941667
1978,"AR",47.7414122365833
1979,"AR",53.1704598046667
1980,"AR",55.85845545025
1981,"AR",57.1495093390833
1982,"AR",56.9075332374167
1983,"AR",62.9743393880833
1984,"AR",64.0526957736667
1985,"AR",65.6786521920833
1986,"AR",67.5401957055833
1987,"AR",68.7025635826667
1988,"AR",68.69434430925
1989,"AR",69.2110093993333
1990,"AR",70.4029751691667
1991,"AR",71.25944472975
1992,"AR",73.8426128595833
1993,"AR",77.2961971175833
1994,"AR",82.17167939125
1995,"AR",85.87936319575
1996,"AR",88.3938256729167
1997,"AR",90.4486016291667
1998,"AR",92.08209349
1999,"AR",95.3732988286667
2000,"AR",98.573663087
2001,"AR",101.882586184167
2002,"AR",105.587233049167
2003,"AR",110.66032836
2004,"AR",117.201329413333
2005,"AR",125.016220426667
2006,"AR",131.2891845775
2007,"AR",133.9466621875
2008,"AR",130.656092036667
2009,"AR",127.028394845
2010,"AR",124.155365584167
2011,"AR",122.152335706667
2012,"AR",124.643432008333
2013,"AR",128.502371009167
2014,"AR",130.114853489167
2015,"AR",133.377968145833
2016,"AR",136.658221436667
2017,"AR",142.169611314167
2018,"AR",147.868464228333
2019,"AR",153.93451019
2020,"AR",163.103029825833
2021,"AR",184.53884234
1975,"AZ",29.402664248
1976,"AZ",30.1108708885833
1977,"AZ",32.38276562575
1978,"AZ",37.4219569149167
1979,"AZ",45.6818966965
1980,"AZ",51.8284402775
1981,"AZ",54.815526831
1982,"AZ",55.9524967785833
1983,"AZ",58.4938928305833
1984,"AZ",60.3720456915
1985,"AZ",61.5034676599167
1986,"AZ",63.9463061981667
1987,"AZ",64.9784556260833
1988,"AZ",65.1573310135833
1989,"AZ",64.9359427128333
1990,"AZ",64.58446460175
1991,"AZ",64.854510372
1992,"AZ",66.22974566525
1993,"AZ",67.7730476445833
1994,"AZ",72.0683496975
1995,"AZ",75.9694283131667
1996,"AZ",79.5739042073333
1997,"AZ",82.4139615975833
1998,"AZ",86.7396414109167
1999,"AZ",91.8564298698333
2000,"AZ",97.7540395971667
2001,"AZ",102.959458125833
2002,"AZ",109.113960563333
2003,"AZ",117.499066456667
2004,"AZ",133.3448546525
2005,"AZ",176.8220292575
2006,"AZ",202.288509394167
2007,"AZ",194.555013540833
2008,"AZ",158.519021389167
2009,"AZ",122.84822443
2010,"AZ",112.528852740833
2011,"AZ",103.227312981667
2012,"AZ",117.134196840833
2013,"AZ",137.636418335
2014,"AZ",147.397079255833
2015,"AZ",157.042861305833
2016,"AZ",167.871986855
2017,"AZ",180.259739885
2018,"AZ",194.328592299167
2019,"AZ",206.933349714167
2020,"AZ",229.695948250833
2021,"AZ",279.330045892222
1975,"CA",16.7594613474167
1976,"CA",19.3702739809167
1977,"CA",24.2238736809167
1978,"CA",28.7206529009167
1979,"CA",33.6649162295833
1980,"CA",38.5257638075
1981,"CA",41.9934461113333
1982,"CA",42.7150339983333
1983,"CA",43.25978064525
1984,"CA",44.4114687988333
1985,"CA",46.3949684661667
1986,"CA",49.3243975765
1987,"CA",53.800583101
1988,"CA",61.4094664854167
1989,"CA",73.7745102910833
1990,"CA",80.2110883966667
1991,"CA",78.6386027384167
1992,"CA",76.81846114275
1993,"CA",72.1390918685833
1994,"CA",69.3538223573333
1995,"CA",67.6050323686667
1996,"CA",67.206064896
1997,"CA",68.9102402605
1998,"CA",75.0612416441667
1999,"CA",82.73076097475
2000,"CA",93.8702933434167
2001,"CA",105.647031026667
2002,"CA",119.860313490833
2003,"CA",139.323053705833
2004,"CA",170.137622285
2005,"CA",202.629482214167
2006,"CA",212.769904264167
2007,"CA",199.117107891667
2008,"CA",155.773532549167
2009,"CA",134.900210520833
2010,"CA",135.657511436667
2011,"CA",127.571044363333
2012,"CA",131.973814345833
2013,"CA",157.188282888333
2014,"CA",173.8435251225
2015,"CA",186.133790125833
2016,"CA",198.878729526667
2017,"CA",213.280249966667
2018,"CA",227.462020790833
2019,"CA",232.97976857
2020,"CA",247.123653635833
2021,"CA",284.300092711111
1975,"CO",20.4046420033333
1976,"CO",21.8293071299167
1977,"CO",24.4775267850833
1978,"CO",29.2690702104167
1979,"CO",34.1599614156667
1980,"CO",37.8807025441667
1981,"CO",39.9358728889167
1982,"CO",42.9017897916667
1983,"CO",44.2690205445
1984,"CO",44.64534159075
1985,"CO",44.6372326623333
1986,"CO",45.4812736715
1987,"CO",44.9334909939167
1988,"CO",43.6811555325
1989,"CO",43.7706605348333
1990,"CO",44.6305306093333
1991,"CO",45.9647110209167
1992,"CO",49.784416022
1993,"CO",54.9989130979167
1994,"CO",61.25744297275
1995,"CO",65.6829409896667
1996,"CO",69.4490602418333
1997,"CO",73.30037285625
1998,"CO",78.1238601715833
1999,"CO",85.7428400429167
2000,"CO",95.6529377450833
2001,"CO",103.736161436667
2002,"CO",108.2492279225
2003,"CO",110.490968176667
2004,"CO",114.358502903333
2005,"CO",119.144287611667
2006,"CO",122.350954556667
2007,"CO",121.8931757675
2008,"CO",116.6482191925
2009,"CO",115.224669248333
2010,"CO",113.692972348333
2011,"CO",109.9910553575
2012,"CO",115.780385756667
2013,"CO",127.01929896
2014,"CO",137.727622498333
2015,"CO",152.483857998333
2016,"CO",167.2543427925
2017,"CO",182.518209586667
2018,"CO",197.277633698333
2019,"CO",206.464476575
2020,"CO",220.612661929167
2021,"CO",256.086008797778
1975,"CT",25.3092120331667
1976,"CT",26.7937005845
1977,"CT",28.7426349819167
1978,"CT",32.7322992496667
1979,"CT",37.2343775293333
1980,"CT",38.6900774179167
1981,"CT",41.442778267
1982,"CT",41.97371990625
1983,"CT",44.3365498323333
1984,"CT",49.58878836075
1985,"CT",57.571772424
1986,"CT",71.6716428386667
1987,"CT",89.9858287260833
1988,"CT",97.4278175371667
1989,"CT",96.2276125959167
1990,"CT",91.39124961125
1991,"CT",85.6685334511667
1992,"CT",82.9096540856667
1993,"CT",78.88911628025
1994,"CT",78.1612119983333
1995,"CT",77.7267657976667
1996,"CT",77.7799636385
1997,"CT",78.8621364571667
1998,"CT",82.08594067825
1999,"CT",88.4540366285
2000,"CT",96.4774647340833
2001,"CT",104.714114415833
2002,"CT",116.278572956667
2003,"CT",128.354071034167
2004,"CT",142.3835147875
2005,"CT",156.7248087
2006,"CT",161.901634894167
2007,"CT",160.2136581325
2008,"CT",151.3814649875
2009,"CT",141.195357188333
2010,"CT",138.156445569167
2011,"CT",132.715423193333
2012,"CT",128.9631435725
2013,"CT",130.296028465
2014,"CT",130.810082519167
2015,"CT",131.362446056667
2016,"CT",131.809544583333
2017,"CT",135.08345035
2018,"CT",138.522285643333
2019,"CT",140.706476825833
2020,"CT",149.582972905
2021,"CT",172.897685634444
1975,"DC",19.65306179275
1976,"DC",21.9810112716667
1977,"DC",25.5843167579167
1978,"DC",30.5065030961667
1979,"DC",36.1560634045833
1980,"DC",39.85609338025
1981,"DC",41.2278930949167
1982,"DC",39.802029539
1983,"DC",39.2666690074167
1984,"DC",42.3640605141667
1985,"DC",44.1404991423333
1986,"DC",47.4752266651667
1987,"DC",53.69159870825
1988,"DC",62.6104655388333
1989,"DC",69.8454467555
1990,"DC",72.6152533684167
1991,"DC",71.8000939673333
1992,"DC",72.4249448985833
1993,"DC",69.5418860590833
1994,"DC",68.2203351224167
1995,"DC",67.1977874854167
1996,"DC",69.1063365865833
1997,"DC",69.6728880948333
1998,"DC",73.9014495019167
1999,"DC",82.2381100268333
2000,"DC",94.04844462075
2001,"DC",110.934711403333
2002,"DC",130.313032021667
2003,"DC",152.687166399167
2004,"DC",185.29341982
2005,"DC",221.4806339775
2006,"DC",230.666592801667
2007,"DC",233.420636045
2008,"DC",224.443210700833
2009,"DC",217.480102038333
2010,"DC",223.349419481667
2011,"DC",229.416636495
2012,"DC",243.6075060675
2013,"DC",272.182781061667
2014,"DC",289.3055532625
2015,"DC",306.715560505
2016,"DC",321.474310709167
2017,"DC",335.428253038333
2018,"DC",350.084810125
2019,"DC",359.866057858333
2020,"DC",377.100820518333
2021,"DC",399.542655148889
1975,"DE",28.181763235
1976,"DE",28.7536447829167
1977,"DE",29.8801477086667
1978,"DE",31.6864848336667
1979,"DE",33.9964892815
1980,"DE",38.8264496904167
1981,"DE",39.35246176925
1982,"DE",40.6379737365833
1983,"DE",44.4440502568333
1984,"DE",47.9645009755
1985,"DE",51.8994837648333
1986,"DE",57.9242863563333
1987,"DE",65.2937625950833
1988,"DE",72.3641701686667
1989,"DE",79.2493387113333
1990,"DE",82.0933240831667
1991,"DE",82.2574134144167
1992,"DE",82.2034645915833
1993,"DE",81.6436694115
1994,"DE",81.80823016225
1995,"DE",82.0260314833333
1996,"DE",82.76658134375
1997,"DE",83.9942355669167
1998,"DE",86.5350165060833
1999,"DE",90.9885895030833
2000,"DE",96.8443934464167
2001,"DE",104.1450741525
2002,"DE",113.5789289075
2003,"DE",126.548667950833
2004,"DE",143.677129509167
2005,"DE",163.3498786675
2006,"DE",174.8606026475
2007,"DE",176.508410105
2008,"DE",167.711248801667
2009,"DE",157.3867196825
2010,"DE",149.7316257725
2011,"DE",141.72905541
2012,"DE",138.606083086667
2013,"DE",143.448860943333
2014,"DE",147.704631843333
2015,"DE",150.523505516667
2016,"DE",153.815894555
2017,"DE",158.3866391475
2018,"DE",165.3016793675
2019,"DE",171.653715475833
2020,"DE",182.193014475833
2021,"DE",205.439824276667
1975,"FL",33.4613200364167
1976,"FL",33.9805653835
1977,"FL",34.7538491160833
1978,"FL",38.6350854743333
1979,"FL",44.0701828888333
1980,"FL",49.9276419623333
1981,"FL",53.6777143865
1982,"FL",58.3335939569167
1983,"FL",59.1354273040833
1984,"FL",60.7516914973333
1985,"FL",61.219382497
1986,"FL",62.9528847953333
1987,"FL",64.88313267025
1988,"FL",67.7302821535833
1989,"FL",70.57377144625
1990,"FL",72.05622363925
1991,"FL",72.3352101691667
1992,"FL",73.20229546975
1993,"FL",74.2009753600833
1994,"FL",76.0852361241667
1995,"FL",77.7003703566667
1996,"FL",79.5487303215833
1997,"FL",81.8204500566667
1998,"FL",84.864293294
1999,"FL",89.4066568714167
2000,"FL",96.2242434020833
2001,"FL",105.711098539167
2002,"FL",117.967317291667
2003,"FL",133.4127002675
2004,"FL",157.7816529525
2005,"FL",200.549138006667
2006,"FL",221.664760615
2007,"FL",206.562895709167
2008,"FL",163.286723229167
2009,"FL",132.799564559167
2010,"FL",125.019781748333
2011,"FL",117.334354339167
2012,"FL",123.843799680833
2013,"FL",139.467005811667
2014,"FL",151.697918783333
2015,"FL",165.656440003333
2016,"FL",181.849950445833
2017,"FL",197.7909130275
2018,"FL",212.1751116275
2019,"FL",222.4181081925
2020,"FL",239.529964781667
2021,"FL",280.343004528889
1975,"GA",29.49627911425
1976,"GA",29.6136850166667
1977,"GA",30.8011416285833
1978,"GA",33.3172463085
1979,"GA",37.0009609241667
1980,"GA",41.0283442911667
1981,"GA",43.92429011125
1982,"GA",46.357881971
1983,"GA",48.4627434039167
1984,"GA",51.1911408775833
1985,"GA",53.90503830425
1986,"GA",57.4814220285
1987,"GA",60.8281895945833
1988,"GA",63.386326191
1989,"GA",65.0279122435833
1990,"GA",65.5738597835833
1991,"GA",65.3708219736667
1992,"GA",66.283555605
1993,"GA",67.8425278276667
1994,"GA",70.2529395056667
1995,"GA",73.0521042101667
1996,"GA",76.3724960493333
1997,"GA",80.06288223225
1998,"GA",85.04994708625
1999,"GA",91.4386296245833
2000,"GA",97.78403301825
2001,"GA",102.674862448333
2002,"GA",107.029656956667
2003,"GA",110.5278728
2004,"GA",115.037607388333
2005,"GA",121.410240935
2006,"GA",127.654884003333
2007,"GA",129.330312053333
2008,"GA",119.357217491667
2009,"GA",107.114255314167
2010,"GA",100.064828115667
2011,"GA",91.971936424
2012,"GA",93.7117829481667
2013,"GA",105.4663495
2014,"GA",114.359463470833
2015,"GA",121.976965039167
2016,"GA",130.201839364167
2017,"GA",139.3086606675
2018,"GA",150.811852146667
2019,"GA",158.628720025833
2020,"GA",171.601509754167
2021,"GA",197.792196596667
1975,"HI",27.5219536864167
1976,"HI",28.08990506
1977,"HI",28.6907069845833
1978,"HI",32.6919624076667
1979,"HI",41.5331763423333
1980,"HI",49.7335120885833
1981,"HI",41.04645740775
1982,"HI",45.3576730834167
1983,"HI",51.3512981724167
1984,"HI",52.2217886435
1985,"HI",52.0592917411667
1986,"HI",55.05872422575
1987,"HI",59.4581344719167
1988,"HI",68.61685532875
1989,"HI",84.3992421124167
1990,"HI",106.686375157417
1991,"HI",115.704915833333
1992,"HI",114.506403731667
1993,"HI",114.005891565
1994,"HI",113.4307124875
1995,"HI",108.4261628525
1996,"HI",103.208780485833
1997,"HI",95.7933872626667
1998,"HI",92.8647225725
1999,"HI",93.3826584848333
2000,"HI",97.24900856225
2001,"HI",104.626877893333
2002,"HI",114.407628520833
2003,"HI",132.490364790833
2004,"HI",163.620759680833
2005,"HI",199.8983391125
2006,"HI",222.619613911667
2007,"HI",224.013243581667
2008,"HI",212.387002093333
2009,"HI",191.8643462725
2010,"HI",189.8486445
2011,"HI",186.464238766667
2012,"HI",193.613271979167
2013,"HI",210.557714658333
2014,"HI",224.543476549167
2015,"HI",234.735793056667
2016,"HI",249.0581707575
2017,"HI",260.728129826667
2018,"HI",271.59160159
2019,"HI",276.584930463333
2020,"HI",285.141697468333
2021,"HI",317.034121105556
1975,"IA",34.4646644455833
1976,"IA",37.9483880540833
1977,"IA",42.71425064825
1978,"IA",48.2271870470833
1979,"IA",52.2929943708333
1980,"IA",53.1990916434167
1981,"IA",51.54376367225
1982,"IA",50.56693597825
1983,"IA",51.6663990704167
1984,"IA",52.2294517180833
1985,"IA",52.6100554571667
1986,"IA",53.21284354675
1987,"IA",53.4049602295
1988,"IA",54.3151828420833
1989,"IA",57.5070934851667
1990,"IA",60.7068357158333
1991,"IA",63.2909908285833
1992,"IA",66.7555444405833
1993,"IA",71.47862348075
1994,"IA",75.9156690768333
1995,"IA",79.5625117631667
1996,"IA",83.1631327535
1997,"IA",86.0704463045
1998,"IA",90.1112690605833
1999,"IA",94.4972169799167
2000,"IA",98.756557173
2001,"IA",101.8428042625
2002,"IA",105.482248704167
2003,"IA",109.295013815833
2004,"IA",113.6191066375
2005,"IA",117.783238946667
2006,"IA",121.438410385833
2007,"IA",123.121728700833
2008,"IA",122.343608666667
2009,"IA",120.708256271667
2010,"IA",120.24377391
2011,"IA",118.736436680833
2012,"IA",120.283751650833
2013,"IA",124.698510511667
2014,"IA",128.497264735833
2015,"IA",132.442236071667
2016,"IA",137.182362461667
2017,"IA",142.61159372
2018,"IA",148.422620110833
2019,"IA",152.700172064167
2020,"IA",160.151727975833
2021,"IA",176.178027048889
1975,"ID",32.8047264075833
1976,"ID",34.9038952603333
1977,"ID",38.2054434245
1978,"ID",44.3939794054167
1979,"ID",48.69545973075
1980,"ID",52.5763026565833
1981,"ID",52.6065563598333
1982,"ID",54.0042924656667
1983,"ID",55.3756211344167
1984,"ID",55.55600702475
1985,"ID",56.4197085439167
1986,"ID",56.7194428965833
1987,"ID",55.4990254024167
1988,"ID",55.4203785410833
1989,"ID",57.83492084325
1990,"ID",62.5805908610833
1991,"ID",66.8124659885
1992,"ID",71.9659401910833
1993,"ID",78.0250899434167
1994,"ID",84.9558963234167
1995,"ID",88.4872333009167
1996,"ID",90.40924108925
1997,"ID",92.07442005225
1998,"ID",93.4849731119167
1999,"ID",96.2189372670833
2000,"ID",99.0235929869167
2001,"ID",101.534722468083
2002,"ID",104.780440015833
2003,"ID",109.553610935
2004,"ID",119.242776035
2005,"ID",138.253889704167
2006,"ID",161.8277483875
2007,"ID",168.570074895
2008,"ID",159.200950583333
2009,"ID",141.438464851667
2010,"ID",126.467341821667
2011,"ID",116.599974265833
2012,"ID",123.753981754167
2013,"ID",135.1686818525
2014,"ID",143.1471642425
2015,"ID",152.2878901125
2016,"ID",164.188832975833
2017,"ID",179.759273923333
2018,"ID",201.793441260833
2019,"ID",225.544192215
2020,"ID",258.5482486125
2021,"ID",334.254408573333
1975,"IL",26.1615658639167
1976,"IL",28.975902044
1977,"IL",32.45986112525
1978,"IL",37.17205516375
1979,"IL",39.9103731991667
1980,"IL",40.4513157148333
1981,"IL",42.0435570556667
1982,"IL",40.6628344144167
1983,"IL",42.1619142886667
1984,"IL",43.8887113839167
1985,"IL",45.4699795041667
1986,"IL",48.6007614928333
1987,"IL",53.0917758725
1988,"IL",57.54700551375
1989,"IL",62.0230159305
1990,"IL",65.4791755803333
1991,"IL",67.6657927353333
1992,"IL",70.3154761509167
1993,"IL",73.1062995469167
1994,"IL",75.9973788878333
1995,"IL",78.2749839839167
1996,"IL",80.7398132968333
1997,"IL",82.8599840369167
1998,"IL",85.7219623238333
1999,"IL",90.5230345438333
2000,"IL",96.9894325126667
2001,"IL",103.555539791667
2002,"IL",110.794571685833
2003,"IL",118.878382693333
2004,"IL",127.80343637
2005,"IL",137.7929771075
2006,"IL",144.941868271667
2007,"IL",144.6478733675
2008,"IL",134.476871801667
2009,"IL",121.993953534167
2010,"IL",116.142735699167
2011,"IL",108.149288929167
2012,"IL",105.547429784167
2013,"IL",111.373629994167
2014,"IL",117.1098415025
2015,"IL",120.311602911667
2016,"IL",124.771153221667
2017,"IL",129.817622060833
2018,"IL",133.712631305833
2019,"IL",136.169541876667
2020,"IL",141.352916251667
2021,"IL",156.002412723333
1975,"IN",33.1644608154167
1976,"IN",35.0743566150833
1977,"IN",38.1535478200833
1978,"IN",43.0387437019167
1979,"IN",47.2974932845
1980,"IN",49.0787116741667
1981,"IN",50.4865683944167
1982,"IN",48.9930014011667
1983,"IN",49.5936553561667
1984,"IN",50.5083526354167
1985,"IN",52.5689681193333
1986,"IN",55.3242956305833
1987,"IN",57.8732468294167
1988,"IN",60.8547129025
1989,"IN",63.9543809639167
1990,"IN",66.4973471744167
1991,"IN",68.9311972823333
1992,"IN",72.0286728296667
1993,"IN",75.3634138785833
1994,"IN",79.14240748825
1995,"IN",82.4480364378333
1996,"IN",86.2765899969167
1997,"IN",89.0508540934167
1998,"IN",91.8541044195
1999,"IN",95.34608244975
2000,"IN",99.176150405
2001,"IN",100.993628465
2002,"IN",103.544079755
2003,"IN",105.667527058333
2004,"IN",108.581698443333
2005,"IN",111.4590966175
2006,"IN",113.638039504167
2007,"IN",113.640243535
2008,"IN",109.869226755
2009,"IN",106.595642965833
2010,"IN",106.111492625833
2011,"IN",104.581544060833
2012,"IN",105.19748766
2013,"IN",109.384514715833
2014,"IN",113.125583950833
2015,"IN",117.220359695
2016,"IN",121.999456529167
2017,"IN",128.582662429167
2018,"IN",137.407504888333
2019,"IN",145.599195015
2020,"IN",158.197859751667
2021,"IN",179.827875047778
1975,"KS",34.8797754905
1976,"KS",37.36132366725
1977,"KS",41.968665127
1978,"KS",47.1608797995833
1979,"KS",51.3828116821667
1980,"KS",54.452753106
1981,"KS",56.8007696476667
1982,"KS",57.6626920734167
1983,"KS",58.02330532025
1984,"KS",58.89507620075
1985,"KS",59.4135757845
1986,"KS",61.1634914016667
1987,"KS",62.62864921
1988,"KS",63.3398663774167
1989,"KS",64.2119890194167
1990,"KS",64.3746975419167
1991,"KS",65.1836855544167
1992,"KS",66.9678575901667
1993,"KS",70.6147104395
1994,"KS",75.04259042075
1995,"KS",77.830799356
1996,"KS",81.52705680775
1997,"KS",84.6786581473333
1998,"KS",89.39332409525
1999,"KS",94.7084258878333
2000,"KS",98.69605295125
2001,"KS",102.505594255833
2002,"KS",106.5268136
2003,"KS",110.3494813525
2004,"KS",114.558453480833
2005,"KS",118.664210739167
2006,"KS",122.7685715575
2007,"KS",124.879492343333
2008,"KS",123.442287179167
2009,"KS",121.800339025833
2010,"KS",120.486089934167
2011,"KS",116.496293204167
2012,"KS",118.051287935
2013,"KS",122.139158670833
2014,"KS",126.706666330833
2015,"KS",131.542567324167
2016,"KS",137.45525085
2017,"KS",143.717544878333
2018,"KS",150.5137966525
2019,"KS",156.601720541667
2020,"KS",168.456284411667
2021,"KS",187.872311187778
1975,"KY",32.6082779136667
1976,"KY",34.1039328595
1977,"KY",37.53573488975
1978,"KY",41.3236943504167
1979,"KY",45.550176892
1980,"KY",47.8016039605
1981,"KY",47.8015422371667
1982,"KY",48.6142734556667
1983,"KY",50.6181094910833
1984,"KY",51.7704915308333
1985,"KY",53.1826843099167
1986,"KY",55.1539145961667
1987,"KY",58.192030209
1988,"KY",60.8555823961667
1989,"KY",63.4838466374167
1990,"KY",65.48181154675
1991,"KY",67.28302958
1992,"KY",70.1214871696667
1993,"KY",73.09259020575
1994,"KY",77.1503398490833
1995,"KY",80.4489260565833
1996,"KY",83.7153545491667
1997,"KY",87.03014123525
1998,"KY",90.169801237
1999,"KY",94.41325687
2000,"KY",98.8441942085
2001,"KY",101.578653674167
2002,"KY",105.094181356667
2003,"KY",109.142512076667
2004,"KY",113.938466211667
2005,"KY",118.588845631667
2006,"KY",122.6036704775
2007,"KY",123.875217321667
2008,"KY",122.6916173425
2009,"KY",120.122769470833
2010,"KY",119.537061225
2011,"KY",117.166293571667
2012,"KY",118.11561812
2013,"KY",121.185809263333
2014,"KY",124.839786351667
2015,"KY",129.154619525833
2016,"KY",134.4045394475
2017,"KY",141.8522404575
2018,"KY",148.838624390833
2019,"KY",155.197155524167
2020,"KY",166.078405385
2021,"KY",187.036879701111
1975,"LA",34.66594693525
1976,"LA",37.8096120935833
1977,"LA",42.30336020975
1978,"LA",49.6326354031667
1979,"LA",57.4989676189167
1980,"LA",62.0083198495833
1981,"LA",66.4921520349167
1982,"LA",69.5338308585
1983,"LA",71.0677675320833
1984,"LA",71.7763928339167
1985,"LA",69.95494440225
1986,"LA",68.2545359393333
1987,"LA",65.5824115405
1988,"LA",62.0886420305833
1989,"LA",61.9063160203333
1990,"LA",62.9384235913333
1991,"LA",64.42134970775
1992,"LA",68.3482724963333
1993,"LA",71.7130641183333
1994,"LA",76.3121270455
1995,"LA",79.28544667225
1996,"LA",83.5126506765
1997,"LA",87.18153977275
1998,"LA",91.41954162525
1999,"LA",94.9309109873333
2000,"LA",98.7335403096667
2001,"LA",101.898515500833
2002,"LA",106.241106551667
2003,"LA",111.4261623625
2004,"LA",118.667556516667
2005,"LA",127.4486145625
2006,"LA",140.985985478333
2007,"LA",145.8944308425
2008,"LA",143.584732855833
2009,"LA",140.8129763275
2010,"LA",139.611192861667
2011,"LA",137.304747469167
2012,"LA",138.2952936225
2013,"LA",144.078605118333
2014,"LA",148.076210831667
2015,"LA",153.135669224167
2016,"LA",157.892489240833
2017,"LA",162.941947055833
2018,"LA",166.495650141667
2019,"LA",170.019035204167
2020,"LA",177.382287408333
2021,"LA",191.367326045556
1975,"MA",15.6407065583333
1976,"MA",16.1415542254167
1977,"MA",17.19462290825
1978,"MA",18.952975641
1979,"MA",21.851442698
1980,"MA",24.153813733
1981,"MA",26.78290833775
1982,"MA",28.0856348219167
1983,"MA",31.2507622706667
1984,"MA",37.5093397775
1985,"MA",47.6304437128333
1986,"MA",59.80902722575
1987,"MA",68.52054916625
1988,"MA",71.353735425
1989,"MA",71.57210863525
1990,"MA",68.8407172486667
1991,"MA",63.8620797856667
1992,"MA",62.3867411875
1993,"MA",60.4954899978333
1994,"MA",61.6780544133333
1995,"MA",62.76833997725
1996,"MA",64.9196615346667
1997,"MA",68.1481923720833
1998,"MA",74.0304085950833
1999,"MA",82.3822227085833
2000,"MA",94.07233885775
2001,"MA",106.531790334167
2002,"MA",119.859403985
2003,"MA",132.828803645833
2004,"MA",145.480454073333
2005,"MA",154.588762431667
2006,"MA",152.0776835375
2007,"MA",146.133625658333
2008,"MA",137.345012709167
2009,"MA",131.860916644167
2010,"MA",132.042778239167
2011,"MA",128.095993245833
2012,"MA",127.939567860833
2013,"MA",135.8018443575
2014,"MA",142.595868199167
2015,"MA",148.6116379275
2016,"MA",156.379057805
2017,"MA",166.411153445
2018,"MA",176.077360298333
2019,"MA",182.612261933333
2020,"MA",195.724977634167
2021,"MA",221.798430274444
1975,"MD",27.2234772213333
1976,"MD",29.3232645753333
1977,"MD",31.8487744014167
1978,"MD",35.0491497074167
1979,"MD",38.8665586829167
1980,"MD",42.49113651525
1981,"MD",46.0184699069167
1982,"MD",46.9308705399167
1983,"MD",47.9071681678333
1984,"MD",50.576346442
1985,"MD",53.3014896596667
1986,"MD",57.6038788896667
1987,"MD",64.4573485675
1988,"MD",72.0875623355
1989,"MD",79.27128056
1990,"MD",82.7309394170833
1991,"MD",82.6740969821667
1992,"MD",83.6926900721667
1993,"MD",83.3500263709167
1994,"MD",83.8297142095833
1995,"MD",83.76843623375
1996,"MD",84.1903666179167
1997,"MD",84.51739606225
1998,"MD",86.2471455715833
1999,"MD",90.7544471176667
2000,"MD",96.717081633
2001,"MD",105.312453424167
2002,"MD",118.6404322075
2003,"MD",136.947762219167
2004,"MD",161.874260443333
2005,"MD",193.6842786975
2006,"MD",208.667075389167
2007,"MD",205.95583435
2008,"MD",185.439643361667
2009,"MD",167.877551926667
2010,"MD",161.96604534
2011,"MD",155.613474649167
2012,"MD",157.137881685833
2013,"MD",166.058027278333
2014,"MD",170.047020531667
2015,"MD",172.203783875833
2016,"MD",176.838643121667
2017,"MD",184.513357980833
2018,"MD",191.2636205525
2019,"MD",195.251655755833
2020,"MD",207.190703884167
2021,"MD",231.811073333333
1975,"ME",28.3678154556667
1976,"ME",28.4150402645
1977,"ME",29.8894933108333
1978,"ME",34.8599054576667
1979,"ME",36.45038479
1980,"ME",37.5893705065
1981,"ME",40.7879861956667
1982,"ME",38.6394798213333
1983,"ME",42.62203407425
1984,"ME",47.8061254475
1985,"ME",53.7148391870833
1986,"ME",61.43966292725
1987,"ME",72.1883137743333
1988,"ME",80.4188338144167
1989,"ME",83.9843498904167
1990,"ME",82.2034856388333
1991,"ME",78.9304572576667
1992,"ME",77.6423833288333
1993,"ME",75.1488126211667
1994,"ME",74.96498104225
1995,"ME",75.28227942275
1996,"ME",77.310737181
1997,"ME",79.1906614650833
1998,"ME",82.9069305859167
1999,"ME",88.2582075405833
2000,"ME",96.091455364
2001,"ME",105.3007362775
2002,"ME",117.5560214625
2003,"ME",130.644962504167
2004,"ME",145.8540705575
2005,"ME",158.734720681667
2006,"ME",162.532129095
2007,"ME",160.8492582425
2008,"ME",155.655204573333
2009,"ME",148.581816515833
2010,"ME",145.481221440833
2011,"ME",143.0638025725
2012,"ME",142.275483809167
2013,"ME",145.881569493333
2014,"ME",149.0463757975
2015,"ME",153.877805515833
2016,"ME",160.531963838333
2017,"ME",169.324762660833
2018,"ME",179.601850886667
2019,"ME",189.723742330833
2020,"ME",207.146095193333
2021,"ME",246.528638343333
1975,"MI",25.0590227064167
1976,"MI",25.6601231839167
1977,"MI",27.6810021740833
1978,"MI",31.6841443260833
1979,"MI",36.6000814864167
1980,"MI",38.3756006948333
1981,"MI",39.4228259764167
1982,"MI",37.0113736426667
1983,"MI",37.5334842868333
1984,"MI",38.1767345315833
1985,"MI",39.622999378
1986,"MI",42.7095778723333
1987,"MI",46.8892280879167
1988,"MI",50.2620478059167
1989,"MI",53.7516380405
1990,"MI",56.72652546925
1991,"MI",58.45976521575
1992,"MI",60.6049301005
1993,"MI",63.963451383
1994,"MI",65.8019466805
1995,"MI",70.3371126890833
1996,"MI",75.8178930455
1997,"MI",80.9272307105
1998,"MI",85.8457511375
1999,"MI",91.5015170015
2000,"MI",97.9476249555833
2001,"MI",101.913177849167
2002,"MI",106.267875359167
2003,"MI",109.284975533333
2004,"MI",112.391211491667
2005,"MI",113.897312805833
2006,"MI",110.873617485833
2007,"MI",102.064602720667
2008,"MI",87.54344382975
2009,"MI",76.7636048349167
2010,"MI",75.1176512633333
2011,"MI",73.66001235675
2012,"MI",77.6607352443333
2013,"MI",87.1263316996667
2014,"MI",94.5588134475
2015,"MI",100.060283864417
2016,"MI",105.92743506
2017,"MI",113.882542398333
2018,"MI",121.850239990833
2019,"MI",127.671655943333
2020,"MI",136.569558838333
2021,"MI",155.237898991111
1975,"MN",26.5832367946667
1976,"MN",27.9110073185
1977,"MN",30.944461337
1978,"MN",35.8749032460833
1979,"MN",40.5461958518333
1980,"MN",43.6713219703333
1981,"MN",45.0063777449167
1982,"MN",46.0166551415833
1983,"MN",47.0938950129167
1984,"MN",47.81352715225
1985,"MN",48.389592677
1986,"MN",50.0771713403333
1987,"MN",52.4529180375833
1988,"MN",54.0846278091667
1989,"MN",55.8397024535
1990,"MN",57.0468047436667
1991,"MN",57.9553480405
1992,"MN",59.8473967145
1993,"MN",62.454702318
1994,"MN",65.1872586036667
1995,"MN",67.7001164421667
1996,"MN",70.9623963788333
1997,"MN",74.0186550726667
1998,"MN",78.39108605625
1999,"MN",86.0079042965833
2000,"MN",95.5972327915
2001,"MN",105.1581088225
2002,"MN",115.297862706667
2003,"MN",124.611446161667
2004,"MN",133.740026005
2005,"MN",141.290260684167
2006,"MN",143.803717741667
2007,"MN",140.192200123333
2008,"MN",128.342840703333
2009,"MN",118.315862331667
2010,"MN",115.555509894167
2011,"MN",108.233215929167
2012,"MN",111.3417275675
2013,"MN",121.2076917875
2014,"MN",127.575138778333
2015,"MN",132.552600105833
2016,"MN",139.291652229167
2017,"MN",147.784652435833
2018,"MN",156.219641978333
2019,"MN",162.902114711667
2020,"MN",174.434133210833
2021,"MN",194.567628898889
1975,"MO",32.3068085614167
1976,"MO",33.6124152235
1977,"MO",36.7579556216667
1978,"MO",41.7023316890833
1979,"MO",47.00843071475
1980,"MO",50.9415615404167
1981,"MO",49.7645993791667
1982,"MO",49.7313111358333
1983,"MO",52.252960645
1984,"MO",54.4837976716667
1985,"MO",57.5473264438333
1986,"MO",60.1614163294167
1987,"MO",63.49245096075
1988,"MO",65.1340551831667
1989,"MO",66.41030772475
1990,"MO",67.2152087403333
1991,"MO",67.8263277673333
1992,"MO",69.2967616845
1993,"MO",71.6693997684167
1994,"MO",74.9862990015
1995,"MO",77.9509286043333
1996,"MO",81.031698201
1997,"MO",84.03289023575
1998,"MO",87.5476551279167
1999,"MO",92.5779089836667
2000,"MO",97.8919241378333
2001,"MO",103.171444144167
2002,"MO",108.809985404167
2003,"MO",115.262845119167
2004,"MO",121.735073285
2005,"MO",128.073285755
2006,"MO",132.984699394167
2007,"MO",132.653694808333
2008,"MO",126.211715071667
2009,"MO",121.0017260175
2010,"MO",117.422074396667
2011,"MO",111.517158811667
2012,"MO",112.223974689167
2013,"MO",117.721002263333
2014,"MO",122.349231023333
2015,"MO",127.851128846667
2016,"MO",134.365276358333
2017,"MO",141.204323911667
2018,"MO",149.1828251925
2019,"MO",156.133652215
2020,"MO",168.59827982
2021,"MO",190.165803428889
1975,"MS",41.2743061460833
1976,"MS",41.4103614029167
1977,"MS",43.7272470471667
1978,"MS",48.8878108125833
1979,"MS",53.6127722875
1980,"MS",54.0806114243333
1981,"MS",55.8312923011667
1982,"MS",56.0069183705
1983,"MS",61.2185145320833
1984,"MS",61.7920979918333
1985,"MS",65.52317364
1986,"MS",66.6912412165
1987,"MS",67.1411259455833
1988,"MS",67.13154455025
1989,"MS",67.628117783
1990,"MS",68.31454511025
1991,"MS",69.773217899
1992,"MS",71.9226827674167
1993,"MS",73.9025444816667
1994,"MS",78.4117795234167
1995,"MS",81.8124702443333
1996,"MS",85.2721007359167
1997,"MS",88.0388092939167
1998,"MS",91.746597981
1999,"MS",95.88506659525
2000,"MS",99.34878698625
2001,"MS",101.362524296667
2002,"MS",103.861800885833
2003,"MS",107.369457274167
2004,"MS",111.692688150833
2005,"MS",118.974788375
2006,"MS",129.574893418333
2007,"MS",134.426137974167
2008,"MS",131.423300275
2009,"MS",126.0522887825
2010,"MS",121.674504634167
2011,"MS",119.385581304167
2012,"MS",119.220796289167
2013,"MS",122.6117041075
2014,"MS",125.0110464125
2015,"MS",127.743242305833
2016,"MS",131.26841054
2017,"MS",134.584493644167
2018,"MS",139.3119835825
2019,"MS",144.022152179167
2020,"MS",150.981472991667
2021,"MS",166.010955262222
1975,"MT",27.9773795290833
1976,"MT",31.0171006473333
1977,"MT",35.954310043
1978,"MT",42.5504128610833
1979,"MT",45.339051983
1980,"MT",48.12683206725
1981,"MT",50.3409985150833
1982,"MT",47.6101694326667
1983,"MT",50.2971349740833
1984,"MT",51.4632915896667
1985,"MT",52.1748556369167
1986,"MT",53.3258096979167
1987,"MT",51.97581771425
1988,"MT",51.288421284
1989,"MT",52.9222693481667
1990,"MT",55.67616064275
1991,"MT",58.6956485329167
1992,"MT",64.3106552493333
1993,"MT",71.7022772971667
1994,"MT",79.3343146189167
1995,"MT",83.34112804725
1996,"MT",86.9044889898333
1997,"MT",88.32243536825
1998,"MT",90.6134058111667
1999,"MT",93.683012522
2000,"MT",97.96947340025
2001,"MT",101.978880909167
2002,"MT",107.513521016667
2003,"MT",116.152796540833
2004,"MT",127.123733120833
2005,"MT",142.001594800833
2006,"MT",157.950596020833
2007,"MT",167.111553268333
2008,"MT",166.383393584167
2009,"MT",159.333681841667
2010,"MT",153.501948408333
2011,"MT",148.08241853
2012,"MT",150.569087073333
2013,"MT",159.240246298333
2014,"MT",168.0301539625
2015,"MT",174.847151008333
2016,"MT",182.5890517125
2017,"MT",193.353894516667
2018,"MT",206.391463515833
2019,"MT",215.928924170833
2020,"MT",235.9602809125
2021,"MT",287.14693025
1975,"NC",28.9923811750833
1976,"NC",30.0068265865
1977,"NC",31.8433780760833
1978,"NC",35.0516945745
1979,"NC",38.72578008875
1980,"NC",41.4315524549167
1981,"NC",42.9171144129167
1982,"NC",45.1087459695833
1983,"NC",46.8764967613333
1984,"NC",50.1920233279167
1985,"NC",53.90249611425
1986,"NC",57.2889574903333
1987,"NC",60.631705753
1988,"NC",63.3029809155833
1989,"NC",65.6116849105833
1990,"NC",67.073444383
1991,"NC",68.2333878601667
1992,"NC",69.8626306449167
1993,"NC",71.7319261428333
1994,"NC",75.1660538953333
1995,"NC",78.7430550598333
1996,"NC",82.5057857395
1997,"NC",86.5383081781667
1998,"NC",90.1189111616667
1999,"NC",94.18601550875
2000,"NC",98.4720650205
2001,"NC",101.199234325833
2002,"NC",104.133469133333
2003,"NC",106.921177984167
2004,"NC",111.66560463
2005,"NC",119.279295335833
2006,"NC",128.049525010833
2007,"NC",133.4731641625
2008,"NC",131.611091763333
2009,"NC",125.5815155775
2010,"NC",119.664749025833
2011,"NC",114.7761247675
2012,"NC",114.865231113333
2013,"NC",119.985374205833
2014,"NC",123.837645310833
2015,"NC",129.970442633333
2016,"NC",136.991640765
2017,"NC",145.578756701667
2018,"NC",155.459262968333
2019,"NC",164.121115676667
2020,"NC",177.326625373333
2021,"NC",206.428053317778
1975,"ND",41.5260393329167
1976,"ND",46.46210615025
1977,"ND",50.8248252105
1978,"ND",56.3759814726667
1979,"ND",59.0558812696667
1980,"ND",61.0863193896667
1981,"ND",59.54108880075
1982,"ND",54.73039218075
1983,"ND",63.55914652725
1984,"ND",68.9448371670833
1985,"ND",69.7113323308333
1986,"ND",69.331446293
1987,"ND",68.7304393499167
1988,"ND",66.61320580425
1989,"ND",68.1083390051667
1990,"ND",69.3762250358333
1991,"ND",70.81522333475
1992,"ND",73.7494299859167
1993,"ND",78.345664836
1994,"ND",82.8525632046667
1995,"ND",86.4752899071667
1996,"ND",89.1897865040833
1997,"ND",91.1085611800833
1998,"ND",94.6027910045
1999,"ND",96.9368697388333
2000,"ND",99.2195969469167
2001,"ND",102.199933253333
2002,"ND",107.5326445375
2003,"ND",113.852679338333
2004,"ND",121.423785985
2005,"ND",130.754113863333
2006,"ND",139.412523623333
2007,"ND",145.091960265833
2008,"ND",148.501289353333
2009,"ND",150.966111725833
2010,"ND",155.227500215
2011,"ND",161.024274589167
2012,"ND",172.962475979167
2013,"ND",187.211892761667
2014,"ND",200.182342704167
2015,"ND",208.8777487275
2016,"ND",213.082980745833
2017,"ND",215.920952136667
2018,"ND",219.0249326625
2019,"ND",223.484399558333
2020,"ND",229.02389578
2021,"ND",246.447730931111
1975,"NE",31.2069044055833
1976,"NE",34.1415655585
1977,"NE",37.2707659518333
1978,"NE",42.0265730121667
1979,"NE",46.974482139
1980,"NE",50.38327503025
1981,"NE",51.4077566100833
1982,"NE",53.4275225874167
1983,"NE",54.8699761839167
1984,"NE",56.116835889
1985,"NE",56.0158690379167
1986,"NE",56.6570948969167
1987,"NE",56.75589716025
1988,"NE",57.00279510825
1989,"NE",58.7762734795
1990,"NE",61.4304351148333
1991,"NE",63.4782137404167
1992,"NE",67.9363376255833
1993,"NE",72.0178933905833
1994,"NE",75.8565147963333
1995,"NE",79.1851102555833
1996,"NE",83.4030812810833
1997,"NE",87.9298128158333
1998,"NE",91.91939010925
1999,"NE",95.9429954370833
2000,"NE",99.37558183525
2001,"NE",101.710766840833
2002,"NE",105.166204080833
2003,"NE",108.94981902
2004,"NE",113.1124793475
2005,"NE",117.003667876667
2006,"NE",119.294310825833
2007,"NE",119.603748275833
2008,"NE",117.1588090975
2009,"NE",116.1284257325
2010,"NE",115.704043071667
2011,"NE",114.7479539575
2012,"NE",117.388596254167
2013,"NE",121.993713184167
2014,"NE",126.634449974167
2015,"NE",132.101166008333
2016,"NE",137.69231241
2017,"NE",146.334347525833
2018,"NE",154.31944738
2019,"NE",162.134397645833
2020,"NE",173.596231265
2021,"NE",195.155352161111
1975,"NH",24.4716948151667
1976,"NH",25.4823039943333
1977,"NH",27.11170200375
1978,"NH",30.56709573175
1979,"NH",34.604676556
1980,"NH",36.7312084364167
1981,"NH",36.8572224830833
1982,"NH",38.8080463416667
1983,"NH",40.7624306053333
1984,"NH",46.175799602
1985,"NH",54.9069697974167
1986,"NH",68.36320245925
1987,"NH",79.5287766121667
1988,"NH",82.80543084425
1989,"NH",82.5049853910833
1990,"NH",78.0764362931667
1991,"NH",70.14696737225
1992,"NH",66.5128421561667
1993,"NH",64.21109755325
1994,"NH",64.6791862435
1995,"NH",65.5452089088333
1996,"NH",67.6000269914167
1997,"NH",70.32244186075
1998,"NH",75.82646746825
1999,"NH",83.0232366323333
2000,"NH",94.04300094325
2001,"NH",106.736879248333
2002,"NH",120.107152465
2003,"NH",133.887343820833
2004,"NH",147.1217338225
2005,"NH",158.1157207275
2006,"NH",159.292467038333
2007,"NH",152.999812483333
2008,"NH",142.768294886667
2009,"NH",134.2555078975
2010,"NH",131.0781982025
2011,"NH",125.737940775833
2012,"NH",124.620349485833
2013,"NH",129.690732831667
2014,"NH",135.231690503333
2015,"NH",141.096249849167
2016,"NH",147.0002413225
2017,"NH",156.108314529167
2018,"NH",165.3853502225
2019,"NH",173.9476498325
2020,"NH",189.3226601075
2021,"NH",222.0339529
1975,"NJ",22.3910319308333
1976,"NJ",23.3784312455
1977,"NJ",24.8082005621667
1978,"NJ",27.30921906375
1979,"NJ",30.57155887025
1980,"NJ",34.7334069611667
1981,"NJ",36.77588491725
1982,"NJ",37.9131465063333
1983,"NJ",39.8909655119167
1984,"NJ",44.3887639029167
1985,"NJ",51.0008190441667
1986,"NJ",61.9696654169167
1987,"NJ",76.1205949045833
1988,"NJ",82.5541995226667
1989,"NJ",82.6222046615833
1990,"NJ",79.5785944383333
1991,"NJ",75.9476224591667
1992,"NJ",76.3086641845833
1993,"NJ",75.9799296761667
1994,"NJ",76.1952507591667
1995,"NJ",76.1172576676667
1996,"NJ",76.6970609795
1997,"NJ",77.9968202749167
1998,"NJ",81.14700202325
1999,"NJ",86.9249137718333
2000,"NJ",95.45475145775
2001,"NJ",105.905918028333
2002,"NJ",120.970313473333
2003,"NJ",137.5877064075
2004,"NJ",156.239663543333
2005,"NJ",177.451614324167
2006,"NJ",186.43936576
2007,"NJ",183.003087665
2008,"NJ",172.024449564167
2009,"NJ",159.830604358333
2010,"NJ",155.958740286667
2011,"NJ",148.048564471667
2012,"NJ",143.7398293075
2013,"NJ",147.772452691667
2014,"NJ",151.411885248333
2015,"NJ",153.943709816667
2016,"NJ",156.731966691667
2017,"NJ",162.735333325833
2018,"NJ",169.249404301667
2019,"NJ",173.961900425833
2020,"NJ",185.999901285833
2021,"NJ",211.828465443333
1975,"NM",29.3018353814167
1976,"NM",31.1600692343333
1977,"NM",35.91416406075
1978,"NM",40.9957073553333
1979,"NM",47.1865616945
1980,"NM",51.71520454025
1981,"NM",54.3128213280833
1982,"NM",57.7377706923333
1983,"NM",59.5225359754167
1984,"NM",61.969860003
1985,"NM",64.18521764825
1986,"NM",66.4574528145833
1987,"NM",67.0442864814167
1988,"NM",66.6880291858333
1989,"NM",67.82242063575
1990,"NM",68.7391921035
1991,"NM",70.2217041235
1992,"NM",73.9247865550833
1993,"NM",78.8406548019167
1994,"NM",86.7756330740833
1995,"NM",91.9587296691667
1996,"NM",93.7610694115833
1997,"NM",94.7846526488333
1998,"NM",95.9883245265833
1999,"NM",97.9770770884167
2000,"NM",99.86173119275
2001,"NM",101.7182901525
2002,"NM",106.724688121667
2003,"NM",113.240851828333
2004,"NM",122.437070108333
2005,"NM",136.809429795833
2006,"NM",154.726608673333
2007,"NM",160.81037943
2008,"NM",155.506018014167
2009,"NM",146.8858409625
2010,"NM",141.978848015833
2011,"NM",134.862246863333
2012,"NM",133.853648086667
2013,"NM",136.677317195833
2014,"NM",138.5972469675
2015,"NM",141.364555226667
2016,"NM",145.759717459167
2017,"NM",151.770186448333
2018,"NM",158.617825571667
2019,"NM",166.4313553375
2020,"NM",180.249672525833
2021,"NM",204.072926375556
1975,"NV",29.1519868970833
1976,"NV",31.61449396975
1977,"NV",35.31553923025
1978,"NV",42.422601803
1979,"NV",50.32586861575
1980,"NV",55.1930369161667
1981,"NV",59.9851263560833
1982,"NV",62.62066835175
1983,"NV",62.1902646040833
1984,"NV",61.1482812944167
1985,"NV",61.2341298965833
1986,"NV",63.2478766995833
1987,"NV",64.92437451
1988,"NV",66.6376583886667
1989,"NV",69.5598936603333
1990,"NV",75.0848173846667
1991,"NV",78.62751428375
1992,"NV",80.28781250825
1993,"NV",81.1518976643333
1994,"NV",84.1363969006667
1995,"NV",86.4326579566667
1996,"NV",88.4856737999167
1997,"NV",90.05886506025
1998,"NV",91.42082651075
1999,"NV",93.9998233041667
2000,"NV",98.0049474036667
2001,"NV",103.649561959167
2002,"NV",111.044362360833
2003,"NV",123.840912080833
2004,"NV",162.988815388333
2005,"NV",197.894776204167
2006,"NV",207.963181295
2007,"NV",192.085056201667
2008,"NV",144.788422884167
2009,"NV",104.705769538167
2010,"NV",97.1187542275
2011,"NV",87.471134134
2012,"NV",90.7133847330833
2013,"NV",113.764665033333
2014,"NV",129.414991604167
2015,"NV",141.950394429167
2016,"NV",154.614088200833
2017,"NV",170.393456629167
2018,"NV",192.981865774167
2019,"NV",203.071687628333
2020,"NV",215.986472179167
2021,"NV",252.896630104444
1975,"NY",23.5921091419167
1976,"NY",23.6749778315833
1977,"NY",24.5003132261667
1978,"NY",25.9615244405833
1979,"NY",27.78001425
1980,"NY",30.0270681108333
1981,"NY",32.98119269925
1982,"NY",34.8212745225
1983,"NY",39.19226663125
1984,"NY",45.782036803
1985,"NY",53.5450123671667
1986,"NY",63.4515240795833
1987,"NY",73.9439990675
1988,"NY",79.8043651020833
1989,"NY",81.4874179156667
1990,"NY",80.3671176000833
1991,"NY",78.1310864843333
1992,"NY",78.3198424463333
1993,"NY",77.31969611925
1994,"NY",77.1061707781667
1995,"NY",76.50314913925
1996,"NY",77.1589744335
1997,"NY",78.3493734495833
1998,"NY",81.47706452125
1999,"NY",87.97830412725
2000,"NY",96.2418318180833
2001,"NY",105.1080080375
2002,"NY",117.389314174167
2003,"NY",131.33179197
2004,"NY",146.03338706
2005,"NY",160.378651874167
2006,"NY",167.5261237075
2007,"NY",166.951942468333
2008,"NY",161.461539785833
2009,"NY",153.677878671667
2010,"NY",152.375290538333
2011,"NY",148.195269406667
2012,"NY",146.423976566667
2013,"NY",150.091739775833
2014,"NY",154.128857090833
2015,"NY",158.025990095
2016,"NY",163.991415995833
2017,"NY",173.324866130833
2018,"NY",183.328536479167
2019,"NY",189.58414551
2020,"NY",200.923006295833
2021,"NY",224.247144412222
1975,"OH",30.9369859650833
1976,"OH",33.0306533684167
1977,"OH",36.2213268545833
1978,"OH",40.80731757425
1979,"OH",44.91589941175
1980,"OH",46.65674123275
1981,"OH",47.38397212875
1982,"OH",46.2680520614167
1983,"OH",48.6301049995
1984,"OH",49.4132089084167
1985,"OH",50.1825490094167
1986,"OH",52.8174449561667
1987,"OH",56.1656828211667
1988,"OH",59.59398591325
1989,"OH",62.7338443648333
1990,"OH",65.7391070566667
1991,"OH",68.0682420590833
1992,"OH",71.16685210875
1993,"OH",74.4778248708333
1994,"OH",77.887754135
1995,"OH",81.2005892946667
1996,"OH",84.8498808645833
1997,"OH",87.64787483725
1998,"OH",90.6735635584167
1999,"OH",94.6382646898333
2000,"OH",98.8583239763333
2001,"OH",101.464936510833
2002,"OH",104.900905945
2003,"OH",107.998586728333
2004,"OH",111.274772295833
2005,"OH",113.761904933333
2006,"OH",114.400544325
2007,"OH",111.549874189167
2008,"OH",105.294839085833
2009,"OH",101.0974179225
2010,"OH",99.3491726123333
2011,"OH",95.2420638436667
2012,"OH",96.1505313865833
2013,"OH",99.8330695155833
2014,"OH",104.370886078333
2015,"OH",108.052982065833
2016,"OH",113.259759016667
2017,"OH",119.608719285
2018,"OH",126.6901175525
2019,"OH",133.240745779167
2020,"OH",145.071424163333
2021,"OH",164.054473072222
1975,"OK",38.1888048485833
1976,"OK",41.1015515501667
1977,"OK",45.3233005804167
1978,"OK",53.9232810209167
1979,"OK",62.2783399719167
1980,"OK",68.59560718325
1981,"OK",72.7664466556667
1982,"OK",79.545857042
1983,"OK",82.8739373705
1984,"OK",81.2315118591667
1985,"OK",78.1380652403333
1986,"OK",75.50970033875
1987,"OK",69.5792228835833
1988,"OK",64.9489903680833
1989,"OK",65.7373424793333
1990,"OK",66.7313860068333
1991,"OK",68.8675281628333
1992,"OK",71.5208475124167
1993,"OK",74.77836373325
1994,"OK",78.6496468905833
1995,"OK",80.94821278425
1996,"OK",84.3662141
1997,"OK",86.68721333475
1998,"OK",90.2514185983333
1999,"OK",94.6532987089167
2000,"OK",98.5679273079167
2001,"OK",101.876301939167
2002,"OK",106.014261396667
2003,"OK",109.8706104225
2004,"OK",114.025217969167
2005,"OK",120.0597514
2006,"OK",126.270009724167
2007,"OK",130.745667488333
2008,"OK",130.799340390833
2009,"OK",130.535628795833
2010,"OK",130.475063265833
2011,"OK",127.940626645
2012,"OK",130.41355098
2013,"OK",135.134051124167
2014,"OK",139.832778948333
2015,"OK",145.315308866667
2016,"OK",147.971697088333
2017,"OK",153.620661201667
2018,"OK",158.842080534167
2019,"OK",164.225576988333
2020,"OK",174.909510645833
2021,"OK",195.204017456667
1975,"OR",21.5462141295833
1976,"OR",24.5452140899167
1977,"OR",29.2962788895
1978,"OR",35.0847051418333
1979,"OR",39.7370449299167
1980,"OR",42.1218169818333
1981,"OR",40.1630383899167
1982,"OR",40.456100593
1983,"OR",41.0490452395
1984,"OR",39.9155805129167
1985,"OR",39.7563675986667
1986,"OR",38.9915986474167
1987,"OR",39.6362415320833
1988,"OR",40.7143524326667
1989,"OR",44.13600200975
1990,"OR",50.7739098179167
1991,"OR",55.4949245673333
1992,"OR",60.5849237006667
1993,"OR",65.8992381520833
1994,"OR",73.0213349175
1995,"OR",79.0535100239167
1996,"OR",84.57045445775
1997,"OR",89.35449908725
1998,"OR",92.46980797425
1999,"OR",95.72239061975
2000,"OR",99.0168813305833
2001,"OR",102.504017538333
2002,"OR",108.1309073975
2003,"OR",115.179576878333
2004,"OR",126.448098824167
2005,"OR",147.760488879167
2006,"OR",170.684501726667
2007,"OR",176.74289811
2008,"OR",165.530006959167
2009,"OR",148.2687955625
2010,"OR",139.005053705833
2011,"OR",129.226412031667
2012,"OR",131.5857127925
2013,"OR",146.821615158333
2014,"OR",158.720783195833
2015,"OR",172.401696759167
2016,"OR",190.837483109167
2017,"OR",206.646134006667
2018,"OR",219.772108395833
2019,"OR",228.4339843275
2020,"OR",245.4635428675
2021,"OR",285.108752153333
1975,"PA",29.6966916089167
1976,"PA",31.6085762599167
1977,"PA",33.8737926701667
1978,"PA",37.4034591553333
1979,"PA",40.9424322973333
1980,"PA",43.62108262475
1981,"PA",45.1379912476667
1982,"PA",45.3881316405
1983,"PA",47.90096079275
1984,"PA",50.6021006144167
1985,"PA",53.35576409975
1986,"PA",58.4830637229167
1987,"PA",66.5711025801667
1988,"PA",74.4633279164167
1989,"PA",79.6940143918333
1990,"PA",82.2538275300833
1991,"PA",82.938406333
1992,"PA",84.3789275604167
1993,"PA",85.0106024025833
1994,"PA",85.7642161700833
1995,"PA",85.8613899309167
1996,"PA",86.8884254570833
1997,"PA",88.03551904
1998,"PA",89.8493960951667
1999,"PA",93.4389614551667
2000,"PA",98.082669767
2001,"PA",103.3780278375
2002,"PA",111.5844652675
2003,"PA",121.788154008333
2004,"PA",134.08940025
2005,"PA",147.7093800875
2006,"PA",156.703903345833
2007,"PA",159.369187885
2008,"PA",155.809707441667
2009,"PA",150.558334955
2010,"PA",149.1884749675
2011,"PA",144.398551245833
2012,"PA",143.491451046667
2013,"PA",147.431482048333
2014,"PA",150.5350522875
2015,"PA",153.304978825
2016,"PA",157.911738081667
2017,"PA",164.665993409167
2018,"PA",172.578853075833
2019,"PA",179.895967455
2020,"PA",192.9952251475
2021,"PA",216.969477616667
1975,"RI",22.02725912475
1976,"RI",23.52065742225
1977,"RI",25.6149514131667
1978,"RI",28.5085919183333
1979,"RI",32.5869256200833
1980,"RI",34.4173062521667
1981,"RI",34.2170678104167
1982,"RI",34.6363863561667
1983,"RI",38.7515729283333
1984,"RI",41.538918367
1985,"RI",47.02057551675
1986,"RI",57.8716770548333
1987,"RI",76.8381614489167
1988,"RI",86.58959731875
1989,"RI",89.29358974275
1990,"RI",88.8316383658333
1991,"RI",83.7570804054167
1992,"RI",81.2763961538333
1993,"RI",78.93776236
1994,"RI",77.5949176530833
1995,"RI",77.1283419365833
1996,"RI",77.00851109125
1997,"RI",77.71494090325
1998,"RI",80.0033302303333
1999,"RI",85.1796624015833
2000,"RI",95.1157474595
2001,"RI",107.273049565
2002,"RI",126.492014450833
2003,"RI",149.107881279167
2004,"RI",173.814962465
2005,"RI",191.491895264167
2006,"RI",193.078322470833
2007,"RI",184.421806481667
2008,"RI",164.443955503333
2009,"RI",150.375318374167
2010,"RI",147.597728618333
2011,"RI",140.231031133333
2012,"RI",136.867555508333
2013,"RI",141.400412518333
2014,"RI",147.113759253333
2015,"RI",153.068855815833
2016,"RI",161.564174950833
2017,"RI",171.5679382825
2018,"RI",183.271158698333
2019,"RI",190.362174086667
2020,"RI",207.411127513333
2021,"RI",240.498974352222
1975,"SC",31.53040708125
1976,"SC",32.0814133615833
1977,"SC",34.1380632544167
1978,"SC",37.3192081253333
1979,"SC",40.8911869931667
1980,"SC",44.5939391230833
1981,"SC",48.5403683391667
1982,"SC",49.2088546794167
1983,"SC",51.6621253791667
1984,"SC",53.5105966809167
1985,"SC",55.650445373
1986,"SC",58.2011541668333
1987,"SC",60.7015908645
1988,"SC",63.0807861423333
1989,"SC",65.5860558000833
1990,"SC",67.8720947468333
1991,"SC",69.2054756256667
1992,"SC",70.8759087998333
1993,"SC",71.93582951525
1994,"SC",74.4628427279167
1995,"SC",76.97180426875
1996,"SC",80.2985346185
1997,"SC",83.7291248500833
1998,"SC",88.0456317639167
1999,"SC",93.5084635188333
2000,"SC",98.5529399889167
2001,"SC",101.629376421667
2002,"SC",105.192322580833
2003,"SC",108.427849690833
2004,"SC",114.316723438333
2005,"SC",123.286119539167
2006,"SC",133.4017195875
2007,"SC",137.447553669167
2008,"SC",134.3044428525
2009,"SC",126.9439056525
2010,"SC",121.032052763333
2011,"SC",115.7504759125
2012,"SC",115.859473529167
2013,"SC",120.149711006667
2014,"SC",124.984327325
2015,"SC",131.674317444167
2016,"SC",138.386868841667
2017,"SC",146.613404944167
2018,"SC",156.135217005
2019,"SC",163.871224744167
2020,"SC",175.728620625833
2021,"SC",202.71806716
1975,"SD",35.2556900439167
1976,"SD",36.8730590094167
1977,"SD",40.5002797790833
1978,"SD",45.4505176753333
1979,"SD",47.1830634005833
1980,"SD",50.6290724504167
1981,"SD",47.9175418353333
1982,"SD",49.1241484585833
1983,"SD",51.5148949585833
1984,"SD",56.7696104824167
1985,"SD",56.9218691306667
1986,"SD",57.1398454626667
1987,"SD",58.8724537815833
1988,"SD",58.034323643
1989,"SD",59.5885460915
1990,"SD",62.38358808975
1991,"SD",64.8193365036667
1992,"SD",68.2141454178333
1993,"SD",72.78120510275
1994,"SD",78.491686829
1995,"SD",81.3869092623333
1996,"SD",84.4181048938333
1997,"SD",87.3178247343333
1998,"SD",89.8045971250833
1999,"SD",94.1580255069167
2000,"SD",98.6733334980833
2001,"SD",102.034659811667
2002,"SD",106.3681694875
2003,"SD",111.213616134167
2004,"SD",116.868041514167
2005,"SD",122.673197330833
2006,"SD",128.988891945833
2007,"SD",132.863909916667
2008,"SD",134.90254462
2009,"SD",133.712158700833
2010,"SD",133.988542278333
2011,"SD",133.384078105
2012,"SD",135.6835592175
2013,"SD",142.71139361
2014,"SD",147.7106206375
2015,"SD",154.261689143333
2016,"SD",160.772429965
2017,"SD",167.54557171
2018,"SD",176.408483859167
2019,"SD",183.773629414167
2020,"SD",195.123973538333
2021,"SD",222.528768221111
1975,"TN",32.81548344625
1976,"TN",34.7066740674167
1977,"TN",37.42450585525
1978,"TN",41.00355640125
1979,"TN",44.0920677635833
1980,"TN",46.8159175739167
1981,"TN",49.0842253949167
1982,"TN",50.4465729095
1983,"TN",52.2311336389167
1984,"TN",52.7736737971667
1985,"TN",56.8248893393333
1986,"TN",60.1981112065
1987,"TN",63.5943587653333
1988,"TN",65.5479208313333
1989,"TN",67.0171455943333
1990,"TN",67.8753198031667
1991,"TN",68.1139587661667
1992,"TN",69.7503220685833
1993,"TN",72.3601739051667
1994,"TN",76.6456695465
1995,"TN",80.7496818255
1996,"TN",85.0776535174167
1997,"TN",88.6847384593333
1998,"TN",91.9866067938333
1999,"TN",96.0966551863333
2000,"TN",99.2811060930833
2001,"TN",101.367417023333
2002,"TN",104.403771708333
2003,"TN",108.102887770833
2004,"TN",113.275857349167
2005,"TN",121.1201259875
2006,"TN",129.722105635833
2007,"TN",134.116531774167
2008,"TN",130.48732081
2009,"TN",124.887547844167
2010,"TN",122.156608420833
2011,"TN",119.48713441
2012,"TN",121.053739596667
2013,"TN",127.154305925
2014,"TN",133.594390015
2015,"TN",140.115691436667
2016,"TN",148.502148113333
2017,"TN",159.474915815
2018,"TN",170.2341713125
2019,"TN",180.271120245
2020,"TN",197.548885438333
2021,"TN",231.428542093333
1975,"TX",33.6558609974167
1976,"TX",35.9877668015
1977,"TX",39.5208878448333
1978,"TX",45.3491045508333
1979,"TX",52.5805212715
1980,"TX",59.14249277575
1981,"TX",63.6306818115
1982,"TX",68.7739192625
1983,"TX",71.23557271375
1984,"TX",74.071950371
1985,"TX",75.2768102775833
1986,"TX",74.7754291375833
1987,"TX",70.7591668148333
1988,"TX",67.1328080036667
1989,"TX",66.6689637760833
1990,"TX",66.9944872105
1991,"TX",68.3898993198333
1992,"TX",70.6209724365833
1993,"TX",73.16445743
1994,"TX",75.5116572891667
1995,"TX",77.26136882775
1996,"TX",79.5716718318333
1997,"TX",81.71772687575
1998,"TX",85.87630916275
1999,"TX",91.2319720553333
2000,"TX",97.3657058848333
2001,"TX",102.6368110125
2002,"TX",106.425891033333
2003,"TX",109.29531392
2004,"TX",112.626305253333
2005,"TX",117.860130864167
2006,"TX",124.811727980833
2007,"TX",130.029683938333
2008,"TX",129.75576334
2009,"TX",128.476309303333
2010,"TX",128.1743997275
2011,"TX",126.377149065
2012,"TX",131.037315745
2013,"TX",141.008831046667
2014,"TX",152.3440207625
2015,"TX",163.773526138333
2016,"TX",174.516657983333
2017,"TX",186.243918858333
2018,"TX",196.08174755
2019,"TX",203.342530894167
2020,"TX",215.846476403333
2021,"TX",247.167877131111
1975,"UT",25.5078954949167
1976,"UT",28.0655073571667
1977,"UT",31.5139553015
1978,"UT",36.7346624745833
1979,"UT",41.6753148923333
1980,"UT",44.7576349014167
1981,"UT",46.6156522291667
1982,"UT",46.9413289408333
1983,"UT",49.349502092
1984,"UT",49.2769622519167
1985,"UT",49.5188259221667
1986,"UT",49.6794951879167
1987,"UT",49.0493999875
1988,"UT",47.7831585101667
1989,"UT",48.2674947164167
1990,"UT",49.9734399100833
1991,"UT",52.45488456475
1992,"UT",56.4075903666667
1993,"UT",63.840135128
1994,"UT",74.3565839424167
1995,"UT",81.62402928425
1996,"UT",87.993244759
1997,"UT",91.6936162555833
1998,"UT",94.4937201739167
1999,"UT",96.7657831219167
2000,"UT",99.3780828018333
2001,"UT",100.498500362583
2002,"UT",101.910867108333
2003,"UT",103.698274493333
2004,"UT",108.942522488333
2005,"UT",120.369814446667
2006,"UT",140.976387623333
2007,"UT",156.571506080833
2008,"UT",148.957215524167
2009,"UT",133.394072996667
2010,"UT",126.62969873
2011,"UT",119.52544382
2012,"UT",125.099823845833
2013,"UT",138.444202543333
2014,"UT",145.596404166667
2015,"UT",154.621789149167
2016,"UT",166.255864459167
2017,"UT",180.647016000833
2018,"UT",198.2421778825
2019,"UT",212.168755410833
2020,"UT",235.226741306667
2021,"UT",289.44240196
1975,"VA",28.4570088786667
1976,"VA",29.5244735244167
1977,"VA",31.758730413
1978,"VA",35.1387925701667
1979,"VA",38.7874175626667
1980,"VA",43.0237500346667
1981,"VA",45.0392454428333
1982,"VA",44.6255919834167
1983,"VA",48.9181552569167
1984,"VA",51.7447979386667
1985,"VA",54.43121197175
1986,"VA",57.922045185
1987,"VA",63.5266779476667
1988,"VA",70.2280286819167
1989,"VA",76.0086723764167
1990,"VA",77.7541840465
1991,"VA",77.0855474411667
1992,"VA",77.7441850135
1993,"VA",78.0826901628333
1994,"VA",79.5215625665833
1995,"VA",80.2492356163333
1996,"VA",81.2730420374167
1997,"VA",82.86829137525
1998,"VA",85.0228636030833
1999,"VA",89.699005902
2000,"VA",96.2589857201667
2001,"VA",104.971717609167
2002,"VA",115.7415173875
2003,"VA",128.879947236667
2004,"VA",149.3606375725
2005,"VA",176.570667128333
2006,"VA",188.301866245
2007,"VA",184.9193742
2008,"VA",168.613682516667
2009,"VA",158.403564711667
2010,"VA",157.1821027425
2011,"VA",152.97402319
2012,"VA",155.204486800833
2013,"VA",163.296194160833
2014,"VA",168.518124616667
2015,"VA",172.115615386667
2016,"VA",176.862731719167
2017,"VA",183.68937364
2018,"VA",190.923417063333
2019,"VA",198.274533134167
2020,"VA",211.7368454025
2021,"VA",236.409769932222
1975,"VT",27.8314184209167
1976,"VT",29.0380204120833
1977,"VT",31.3651882868333
1978,"VT",34.9706692721667
1979,"VT",38.0167780309167
1980,"VT",40.89756145775
1981,"VT",40.9689340275
1982,"VT",41.7617718956667
1983,"VT",44.6723961821667
1984,"VT",48.4199864828333
1985,"VT",51.6382497904167
1986,"VT",57.372277462
1987,"VT",66.4666869654167
1988,"VT",75.7695118811667
1989,"VT",81.72952833475
1990,"VT",83.6967958350833
1991,"VT",81.6170732039167
1992,"VT",81.3945746111667
1993,"VT",81.75562127675
1994,"VT",81.4969579615
1995,"VT",81.6883873574167
1996,"VT",82.7741798541667
1997,"VT",83.5814646066667
1998,"VT",85.5192411495
1999,"VT",90.6102924004167
2000,"VT",97.35940746725
2001,"VT",105.088341443333
2002,"VT",114.4948671825
2003,"VT",124.7670076525
2004,"VT",140.422769989167
2005,"VT",157.33562413
2006,"VT",165.66094202
2007,"VT",167.577120720833
2008,"VT",164.129607945833
2009,"VT",159.726181794167
2010,"VT",158.022347948333
2011,"VT",156.7047733775
2012,"VT",156.926326649167
2013,"VT",158.681541541667
2014,"VT",159.674565580833
2015,"VT",162.569051005
2016,"VT",164.9816951825
2017,"VT",171.496353105
2018,"VT",178.731807115
2019,"VT",185.42822115
2020,"VT",198.0441266275
2021,"VT",228.293116811111
1975,"WA",18.0758149195833
1976,"WA",20.2637865519167
1977,"WA",23.99592038125
1978,"WA",29.5524276009167
1979,"WA",34.3135815001667
1980,"WA",37.7355833800833
1981,"WA",38.7902460626667
1982,"WA",38.0003975976667
1983,"WA",38.3907571955
1984,"WA",39.7653779799167
1985,"WA",40.8403126600833
1986,"WA",41.675189549
1987,"WA",43.12861965975
1988,"WA",44.9240536100833
1989,"WA",50.450093432
1990,"WA",61.7811783188333
1991,"WA",65.3609376875
1992,"WA",68.8254158073333
1993,"WA",71.5928716535833
1994,"WA",75.1070345208333
1995,"WA",76.6510285800833
1996,"WA",78.6961753345833
1997,"WA",82.4121998246667
1998,"WA",87.8075157971667
1999,"WA",93.0431215771667
2000,"WA",98.1891797781667
2001,"WA",102.502237186667
2002,"WA",107.6195503225
2003,"WA",114.536626529167
2004,"WA",126.699764669167
2005,"WA",146.404958841667
2006,"WA",167.5232008675
2007,"WA",176.208144675
2008,"WA",165.7728787825
2009,"WA",148.1055036925
2010,"WA",140.063024366667
2011,"WA",128.69012726
2012,"WA",130.201079676667
2013,"WA",143.63576544
2014,"WA",153.860100219167
2015,"WA",168.383057365833
2016,"WA",186.7118316475
2017,"WA",209.0275402275
2018,"WA",228.9430816425
2019,"WA",238.391975130833
2020,"WA",261.171601995833
2021,"WA",306.105243352222
1975,"WI",29.1509406616667
1976,"WI",30.916879568
1977,"WI",35.1177983933333
1978,"WI",39.8132942336667
1979,"WI",42.7875723438333
1980,"WI",44.0634508608333
1981,"WI",43.347327804
1982,"WI",42.3000552794167
1983,"WI",45.6385385023333
1984,"WI",46.5322171654167
1985,"WI",47.0740626580833
1986,"WI",48.587301737
1987,"WI",50.2346323196667
1988,"WI",52.308117625
1989,"WI",55.0889373963333
1990,"WI",58.1001559944167
1991,"WI",60.5841113994167
1992,"WI",64.46319735025
1993,"WI",69.5609547599167
1994,"WI",74.6410329879167
1995,"WI",78.3139665170833
1996,"WI",81.57675359975
1997,"WI",84.4300152376667
1998,"WI",87.929507493
1999,"WI",92.7173307355
2000,"WI",98.3917302538333
2001,"WI",102.983779455833
2002,"WI",108.900114603333
2003,"WI",115.797940429167
2004,"WI",123.5211888025
2005,"WI",130.369951035833
2006,"WI",134.491653526667
2007,"WI",134.54334588
2008,"WI",130.241577185
2009,"WI",124.0971939325
2010,"WI",120.3112748
2011,"WI",114.328096256667
2012,"WI",112.5166691525
2013,"WI",116.487387355833
2014,"WI",120.703573441667
2015,"WI",124.824520518333
2016,"WI",130.965913091667
2017,"WI",138.342881110833
2018,"WI",146.689405065833
2019,"WI",154.27389918
2020,"WI",165.4763018375
2021,"WI",186.15501673
1975,"WV",47.222343087
1976,"WV",49.0330355531667
1977,"WV",51.42677081975
1978,"WV",56.3263391675833
1979,"WV",61.2324484350833
1980,"WV",64.2614518686667
1981,"WV",65.0826406859167
1982,"WV",54.7258882986667
1983,"WV",61.9525479483333
1984,"WV",62.3028675395
1985,"WV",62.0592472976667
1986,"WV",63.27477654475
1987,"WV",65.4261576720833
1988,"WV",66.8475130676667
1989,"WV",68.5758737695833
1990,"WV",70.4933352446667
1991,"WV",73.3155959149167
1992,"WV",76.1403184301667
1993,"WV",79.6268308385
1994,"WV",83.9824980379167
1995,"WV",87.415522
1996,"WV",89.8520140826667
1997,"WV",91.9550498154167
1998,"WV",94.0155635384167
1999,"WV",96.5786933250833
2000,"WV",99.8878039705833
2001,"WV",101.421129554167
2002,"WV",104.977022409167
2003,"WV",109.6770776575
2004,"WV",117.1221538625
2005,"WV",125.351838066667
2006,"WV",132.0396696125
2007,"WV",134.722842225833
2008,"WV",133.9725104875
2009,"WV",130.888700419167
2010,"WV",130.061024560833
2011,"WV",128.9577547175
2012,"WV",130.951931520833
2013,"WV",134.536919024167
2014,"WV",138.999210750833
2015,"WV",141.482462524167
2016,"WV",142.639588738333
2017,"WV",144.848488345833
2018,"WV",149.948500229167
2019,"WV",152.0630079775
2020,"WV",157.053417940833
2021,"WV",174.874016044444
1975,"WY",33.4105284878333
1976,"WY",37.3429399619167
1977,"WY",42.9482054119167
1978,"WY",50.1568733010833
1979,"WY",59.04749103375
1980,"WY",62.2377161686667
1981,"WY",65.51401232025
1982,"WY",67.0255409894167
1983,"WY",64.6579669295833
1984,"WY",62.48389254875
1985,"WY",61.4711281811667
1986,"WY",59.1897207408333
1987,"WY",54.1118136736667
1988,"WY",50.6958566695833
1989,"WY",52.942020674
1990,"WY",56.9566440516667
1991,"WY",60.615831983
1992,"WY",64.8099447659167
1993,"WY",69.56499599875
1994,"WY",76.3483469494167
1995,"WY",82.0772809160833
1996,"WY",85.63393182125
1997,"WY",87.8311116356667
1998,"WY",90.4425482425833
1999,"WY",93.27157130275
2000,"WY",97.5131438690833
2001,"WY",102.578686119083
2002,"WY",109.934657335833
2003,"WY",117.8715671475
2004,"WY",129.4403795125
2005,"WY",143.5645356625
2006,"WY",161.207537105833
2007,"WY",174.249715641667
2008,"WY",175.107902525
2009,"WY",167.6748997375
2010,"WY",163.260098668333
2011,"WY",161.524434795
2012,"WY",163.8928525375
2013,"WY",169.734761903333
2014,"WY",176.40704121
2015,"WY",182.744727194167
2016,"WY",184.6212996825
2017,"WY",188.473365990833
2018,"WY",195.855665448333
2019,"WY",205.417055771667
2020,"WY",216.884552184167
2021,"WY",243.622328991111
