"year","state","state_ur"
1976,"AK",7.56666666666667
1977,"AK",9.89166666666667
1978,"AK",10.6333333333333
1979,"AK",9.05833333333333
1980,"AK",9.53333333333333
1981,"AK",9.18333333333333
1982,"AK",10.0583333333333
1983,"AK",10.1
1984,"AK",9.89166666666667
1985,"AK",9.84166666666667
1986,"AK",11.1
1987,"AK",10.1416666666667
1988,"AK",8.73333333333333
1989,"AK",7.1
1990,"AK",7.25833333333333
1991,"AK",8.34166666666667
1992,"AK",8.85833333333333
1993,"AK",7.8
1994,"AK",7.61666666666667
1995,"AK",7.325
1996,"AK",7.425
1997,"AK",6.93333333333333
1998,"AK",6.325
1999,"AK",6.40833333333333
2000,"AK",6.31666666666667
2001,"AK",6.28333333333333
2002,"AK",7.16666666666667
2003,"AK",7.68333333333333
2004,"AK",7.41666666666667
2005,"AK",6.93333333333333
2006,"AK",6.63333333333333
2007,"AK",6.25833333333333
2008,"AK",6.475
2009,"AK",7.98333333333333
2010,"AK",8.13333333333333
2011,"AK",7.73333333333333
2012,"AK",7.25
2013,"AK",6.99166666666667
2014,"AK",6.74166666666667
2015,"AK",6.275
2016,"AK",6.6
2017,"AK",6.5
2018,"AK",5.93333333333333
2019,"AK",5.39166666666667
2020,"AK",7.88333333333333
2021,"AK",6.66
1976,"AL",6.7
1977,"AL",7.15
1978,"AL",6.40833333333333
1979,"AL",7.225
1980,"AL",8.81666666666667
1981,"AL",10.6916666666667
1982,"AL",13.95
1983,"AL",13.8166666666667
1984,"AL",11.2833333333333
1985,"AL",9.54166666666667
1986,"AL",9.56666666666667
1987,"AL",8.18333333333333
1988,"AL",7.275
1989,"AL",7
1990,"AL",6.825
1991,"AL",7.325
1992,"AL",7.525
1993,"AL",7.24166666666667
1994,"AL",6.175
1995,"AL",5.83333333333333
1996,"AL",5.20833333333333
1997,"AL",4.93333333333333
1998,"AL",4.45833333333333
1999,"AL",4.725
2000,"AL",4.625
2001,"AL",5.18333333333333
2002,"AL",5.925
2003,"AL",5.98333333333333
2004,"AL",5.575
2005,"AL",4.45833333333333
2006,"AL",4
2007,"AL",4.04166666666667
2008,"AL",5.88333333333333
2009,"AL",10.0833333333333
2010,"AL",10.375
2011,"AL",9.58333333333333
2012,"AL",8.15833333333333
2013,"AL",7.325
2014,"AL",6.73333333333333
2015,"AL",6.125
2016,"AL",5.90833333333333
2017,"AL",4.58333333333333
2018,"AL",3.925
2019,"AL",3.025
2020,"AL",6
2021,"AL",3.82
1976,"AR",6.91666666666667
1977,"AR",6.475
1978,"AR",6.225
1979,"AR",6.28333333333333
1980,"AR",7.53333333333333
1981,"AR",8.6
1982,"AR",9.46666666666667
1983,"AR",9.7
1984,"AR",8.53333333333333
1985,"AR",8.49166666666667
1986,"AR",8.54166666666667
1987,"AR",8.14166666666667
1988,"AR",7.7
1989,"AR",7.04166666666667
1990,"AR",6.875
1991,"AR",7.30833333333333
1992,"AR",7
1993,"AR",6.13333333333333
1994,"AR",5.44166666666667
1995,"AR",4.86666666666667
1996,"AR",5.16666666666667
1997,"AR",5.10833333333333
1998,"AR",5.05
1999,"AR",4.53333333333333
2000,"AR",4.175
2001,"AR",4.75833333333333
2002,"AR",5.33333333333333
2003,"AR",5.75833333333333
2004,"AR",5.58333333333333
2005,"AR",5.25833333333333
2006,"AR",5.25
2007,"AR",5.39166666666667
2008,"AR",5.44166666666667
2009,"AR",7.725
2010,"AR",7.85833333333333
2011,"AR",7.90833333333333
2012,"AR",7.26666666666667
2013,"AR",7.04166666666667
2014,"AR",5.9
2015,"AR",4.95
2016,"AR",3.98333333333333
2017,"AR",3.74166666666667
2018,"AR",3.66666666666667
2019,"AR",3.50833333333333
2020,"AR",6.08333333333333
2021,"AR",4.46
1976,"AZ",9.75833333333333
1977,"AZ",8.4
1978,"AZ",5.95
1979,"AZ",5.075
1980,"AZ",6.60833333333333
1981,"AZ",6.19166666666667
1982,"AZ",9.95833333333333
1983,"AZ",9.10833333333333
1984,"AZ",4.95833333333333
1985,"AZ",6.35833333333333
1986,"AZ",7.05
1987,"AZ",6.50833333333333
1988,"AZ",6.40833333333333
1989,"AZ",5.24166666666667
1990,"AZ",5.21666666666667
1991,"AZ",5.85833333333333
1992,"AZ",7.56666666666667
1993,"AZ",6.36666666666667
1994,"AZ",6.19166666666667
1995,"AZ",5.3
1996,"AZ",5.49166666666667
1997,"AZ",4.625
1998,"AZ",4.275
1999,"AZ",4.45833333333333
2000,"AZ",3.98333333333333
2001,"AZ",4.725
2002,"AZ",6.14166666666667
2003,"AZ",5.78333333333333
2004,"AZ",4.96666666666667
2005,"AZ",4.66666666666667
2006,"AZ",4.30833333333333
2007,"AZ",3.75
2008,"AZ",5.79166666666667
2009,"AZ",9.66666666666667
2010,"AZ",10.3
2011,"AZ",9.43333333333333
2012,"AZ",8.35
2013,"AZ",7.81666666666667
2014,"AZ",6.79166666666667
2015,"AZ",6.075
2016,"AZ",5.48333333333333
2017,"AZ",4.95833333333333
2018,"AZ",4.81666666666667
2019,"AZ",4.85833333333333
2020,"AZ",7.90833333333333
2021,"AZ",6.74
1976,"CA",9.15
1977,"CA",8.39166666666667
1978,"CA",7.13333333333333
1979,"CA",6.21666666666667
1980,"CA",6.9
1981,"CA",7.43333333333333
1982,"CA",10.0583333333333
1983,"CA",9.825
1984,"CA",7.75833333333333
1985,"CA",7.18333333333333
1986,"CA",6.76666666666667
1987,"CA",5.825
1988,"CA",5.275
1989,"CA",5.09166666666667
1990,"CA",5.79166666666667
1991,"CA",7.825
1992,"CA",9.35
1993,"CA",9.53333333333333
1994,"CA",8.65
1995,"CA",7.89166666666667
1996,"CA",7.35
1997,"CA",6.40833333333333
1998,"CA",5.93333333333333
1999,"CA",5.26666666666667
2000,"CA",4.925
2001,"CA",5.46666666666667
2002,"CA",6.75833333333333
2003,"CA",6.89166666666667
2004,"CA",6.21666666666667
2005,"CA",5.38333333333333
2006,"CA",4.91666666666667
2007,"CA",5.30833333333333
2008,"CA",7.3
2009,"CA",11.5416666666667
2010,"CA",12.4583333333333
2011,"CA",11.8916666666667
2012,"CA",10.525
2013,"CA",9.03333333333333
2014,"CA",7.56666666666667
2015,"CA",6.225
2016,"CA",5.51666666666667
2017,"CA",4.84166666666667
2018,"CA",4.275
2019,"CA",4.15
2020,"CA",10.2166666666667
2021,"CA",8.34
1976,"CO",5.91666666666667
1977,"CO",6.35
1978,"CO",5.55833333333333
1979,"CO",4.61666666666667
1980,"CO",5.88333333333333
1981,"CO",5.64166666666667
1982,"CO",7.60833333333333
1983,"CO",7.11666666666667
1984,"CO",5.49166666666667
1985,"CO",5.98333333333333
1986,"CO",7.51666666666667
1987,"CO",7.54166666666667
1988,"CO",6.41666666666667
1989,"CO",5.58333333333333
1990,"CO",5.13333333333333
1991,"CO",5.28333333333333
1992,"CO",6.09166666666667
1993,"CO",5.38333333333333
1994,"CO",4.14166666666667
1995,"CO",4.025
1996,"CO",4.16666666666667
1997,"CO",3.35833333333333
1998,"CO",3.61666666666667
1999,"CO",3.01666666666667
2000,"CO",2.74166666666667
2001,"CO",3.81666666666667
2002,"CO",5.68333333333333
2003,"CO",6.10833333333333
2004,"CO",5.56666666666667
2005,"CO",5.075
2006,"CO",4.275
2007,"CO",3.7
2008,"CO",4.875
2009,"CO",7.875
2010,"CO",9.14166666666667
2011,"CO",8.69166666666667
2012,"CO",8
2013,"CO",6.75
2014,"CO",4.98333333333333
2015,"CO",3.74166666666667
2016,"CO",3.13333333333333
2017,"CO",2.61666666666667
2018,"CO",3.03333333333333
2019,"CO",2.65833333333333
2020,"CO",7.28333333333333
2021,"CO",6.4
1976,"CT",9.175
1977,"CT",6.99166666666667
1978,"CT",5.29166666666667
1979,"CT",5.08333333333333
1980,"CT",5.66666666666667
1981,"CT",6.2
1982,"CT",6.85833333333333
1983,"CT",6.00833333333333
1984,"CT",4.65
1985,"CT",4.39166666666667
1986,"CT",3.75833333333333
1987,"CT",3.13333333333333
1988,"CT",2.875
1989,"CT",3.6
1990,"CT",4.93333333333333
1991,"CT",6.55
1992,"CT",7.33333333333333
1993,"CT",6.48333333333333
1994,"CT",5.54166666666667
1995,"CT",5.30833333333333
1996,"CT",5.2
1997,"CT",4.68333333333333
1998,"CT",3.24166666666667
1999,"CT",2.45833333333333
2000,"CT",2.10833333333333
2001,"CT",2.875
2002,"CT",4.4
2003,"CT",5.45
2004,"CT",5.09166666666667
2005,"CT",4.8
2006,"CT",4.425
2007,"CT",4.45
2008,"CT",5.65
2009,"CT",8.325
2010,"CT",9.55833333333333
2011,"CT",9.01666666666667
2012,"CT",8.35833333333333
2013,"CT",7.95
2014,"CT",6.61666666666667
2015,"CT",5.61666666666667
2016,"CT",4.86666666666667
2017,"CT",4.40833333333333
2018,"CT",3.91666666666667
2019,"CT",3.59166666666667
2020,"CT",7.93333333333333
2021,"CT",8.14
1976,"DC",8.61666666666667
1977,"DC",8.625
1978,"DC",7.79166666666667
1979,"DC",6.84166666666667
1980,"DC",7.43333333333333
1981,"DC",8.68333333333333
1982,"DC",10.3416666666667
1983,"DC",10.9
1984,"DC",8.88333333333333
1985,"DC",7.96666666666667
1986,"DC",7.36666666666667
1987,"DC",6.26666666666667
1988,"DC",5.025
1989,"DC",4.80833333333333
1990,"DC",5.89166666666667
1991,"DC",7.7
1992,"DC",8.58333333333333
1993,"DC",8.4
1994,"DC",7.93333333333333
1995,"DC",8.60833333333333
1996,"DC",8.425
1997,"DC",8.14166666666667
1998,"DC",8.31666666666667
1999,"DC",6.575
2000,"DC",5.69166666666667
2001,"DC",6.46666666666667
2002,"DC",6.98333333333333
2003,"DC",7.275
2004,"DC",8.08333333333333
2005,"DC",6.99166666666667
2006,"DC",6.325
2007,"DC",5.95
2008,"DC",6.85
2009,"DC",10
2010,"DC",9.95
2011,"DC",10.1916666666667
2012,"DC",8.975
2013,"DC",8.43333333333333
2014,"DC",7.70833333333333
2015,"DC",6.91666666666667
2016,"DC",6.23333333333333
2017,"DC",6.13333333333333
2018,"DC",5.7
2019,"DC",5.325
2020,"DC",8.06666666666667
2021,"DC",7.78
1976,"DE",8.6
1977,"DE",8.18333333333333
1978,"DE",7.075
1979,"DE",6.975
1980,"DE",7.51666666666667
1981,"DE",7.78333333333333
1982,"DE",8.35833333333333
1983,"DE",7.9
1984,"DE",6.21666666666667
1985,"DE",5.15
1986,"DE",4.175
1987,"DE",3.03333333333333
1988,"DE",2.98333333333333
1989,"DE",3.30833333333333
1990,"DE",4.40833333333333
1991,"DE",5.91666666666667
1992,"DE",5.225
1993,"DE",4.90833333333333
1994,"DE",4.7
1995,"DE",4.26666666666667
1996,"DE",4.95
1997,"DE",4.00833333333333
1998,"DE",3.49166666666667
1999,"DE",3.28333333333333
2000,"DE",3.60833333333333
2001,"DE",3.575
2002,"DE",4.26666666666667
2003,"DE",4.46666666666667
2004,"DE",4.3
2005,"DE",4.50833333333333
2006,"DE",3.90833333333333
2007,"DE",3.60833333333333
2008,"DE",5.03333333333333
2009,"DE",8.34166666666667
2010,"DE",8.65833333333333
2011,"DE",7.60833333333333
2012,"DE",7.06666666666667
2013,"DE",6.60833333333333
2014,"DE",5.60833333333333
2015,"DE",4.79166666666667
2016,"DE",4.525
2017,"DE",4.45
2018,"DE",3.7
2019,"DE",3.65
2020,"DE",7.86666666666667
2021,"DE",6.24
1976,"FL",9.3
1977,"FL",8.275
1978,"FL",6.75833333333333
1979,"FL",5.99166666666667
1980,"FL",5.98333333333333
1981,"FL",6.8
1982,"FL",8.48333333333333
1983,"FL",8.64166666666667
1984,"FL",6.59166666666667
1985,"FL",6.075
1986,"FL",5.84166666666667
1987,"FL",5.4
1988,"FL",5.19166666666667
1989,"FL",5.60833333333333
1990,"FL",6.23333333333333
1991,"FL",7.64166666666667
1992,"FL",8.36666666666667
1993,"FL",7.4
1994,"FL",6.475
1995,"FL",5.6
1996,"FL",5.28333333333333
1997,"FL",4.925
1998,"FL",4.45
1999,"FL",3.93333333333333
2000,"FL",3.75833333333333
2001,"FL",4.425
2002,"FL",4.95833333333333
2003,"FL",4.46666666666667
2004,"FL",3.75
2005,"FL",2.875
2006,"FL",2.46666666666667
2007,"FL",3.3
2008,"FL",5.69166666666667
2009,"FL",9.55833333333333
2010,"FL",10.825
2011,"FL",10
2012,"FL",8.66666666666667
2013,"FL",7.53333333333333
2014,"FL",6.43333333333333
2015,"FL",5.525
2016,"FL",4.91666666666667
2017,"FL",4.25
2018,"FL",3.625
2019,"FL",3.29166666666667
2020,"FL",7.85
2021,"FL",4.78
1976,"GA",8.15833333333333
1977,"GA",6.93333333333333
1978,"GA",5.69166666666667
1979,"GA",5.13333333333333
1980,"GA",6.30833333333333
1981,"GA",6.45
1982,"GA",7.8
1983,"GA",7.64166666666667
1984,"GA",6.1
1985,"GA",6.34166666666667
1986,"GA",5.91666666666667
1987,"GA",5.55833333333333
1988,"GA",5.61666666666667
1989,"GA",5.4
1990,"GA",5.35
1991,"GA",5.29166666666667
1992,"GA",6.58333333333333
1993,"GA",5.73333333333333
1994,"GA",5.05
1995,"GA",4.73333333333333
1996,"GA",4.60833333333333
1997,"GA",4.48333333333333
1998,"GA",4.18333333333333
1999,"GA",3.81666666666667
2000,"GA",3.53333333333333
2001,"GA",4.09166666666667
2002,"GA",5.30833333333333
2003,"GA",5.14166666666667
2004,"GA",5.08333333333333
2005,"GA",5.68333333333333
2006,"GA",5.075
2007,"GA",4.90833333333333
2008,"GA",6.78333333333333
2009,"GA",10.4083333333333
2010,"GA",10.6583333333333
2011,"GA",10.1583333333333
2012,"GA",9.04166666666667
2013,"GA",8.14166666666667
2014,"GA",7.14166666666667
2015,"GA",6.075
2016,"GA",5.46666666666667
2017,"GA",4.76666666666667
2018,"GA",4.025
2019,"GA",3.53333333333333
2020,"GA",6.55
2021,"GA",4.56
1976,"HI",9.2
1977,"HI",7.61666666666667
1978,"HI",6.94166666666667
1979,"HI",5.725
1980,"HI",4.975
1981,"HI",5.175
1982,"HI",6.11666666666667
1983,"HI",5.9
1984,"HI",5.45
1985,"HI",5.225
1986,"HI",4.675
1987,"HI",3.7
1988,"HI",3.075
1989,"HI",2.475
1990,"HI",2.6
1991,"HI",2.79166666666667
1992,"HI",4.14166666666667
1993,"HI",4.38333333333333
1994,"HI",5.175
1995,"HI",5.525
1996,"HI",5.91666666666667
1997,"HI",5.925
1998,"HI",5.825
1999,"HI",5.19166666666667
2000,"HI",4.25
2001,"HI",4.275
2002,"HI",4.05
2003,"HI",3.90833333333333
2004,"HI",3.29166666666667
2005,"HI",2.825
2006,"HI",2.55
2007,"HI",2.725
2008,"HI",4.03333333333333
2009,"HI",6.65833333333333
2010,"HI",6.825
2011,"HI",6.83333333333333
2012,"HI",5.9
2013,"HI",4.75833333333333
2014,"HI",4.23333333333333
2015,"HI",3.41666666666667
2016,"HI",2.89166666666667
2017,"HI",2.21666666666667
2018,"HI",2.35833333333333
2019,"HI",2.43333333333333
2020,"HI",11.8083333333333
2021,"HI",9.04
1976,"IA",4.08333333333333
1977,"IA",4.00833333333333
1978,"IA",3.84166666666667
1979,"IA",4.175
1980,"IA",5.93333333333333
1981,"IA",6.51666666666667
1982,"IA",8.4
1983,"IA",8.23333333333333
1984,"IA",7.025
1985,"IA",7.375
1986,"IA",6.76666666666667
1987,"IA",5.61666666666667
1988,"IA",4.64166666666667
1989,"IA",4.3
1990,"IA",4.44166666666667
1991,"IA",4.69166666666667
1992,"IA",4.48333333333333
1993,"IA",4.14166666666667
1994,"IA",3.6
1995,"IA",3.50833333333333
1996,"IA",3.58333333333333
1997,"IA",3.14166666666667
1998,"IA",2.84166666666667
1999,"IA",2.65833333333333
2000,"IA",2.68333333333333
2001,"IA",3.325
2002,"IA",4
2003,"IA",4.45
2004,"IA",4.525
2005,"IA",4.29166666666667
2006,"IA",3.7
2007,"IA",3.71666666666667
2008,"IA",4.18333333333333
2009,"IA",6.4
2010,"IA",6.11666666666667
2011,"IA",5.65
2012,"IA",5.05833333333333
2013,"IA",4.725
2014,"IA",4.225
2015,"IA",3.69166666666667
2016,"IA",3.575
2017,"IA",3.08333333333333
2018,"IA",2.6
2019,"IA",2.75
2020,"IA",5.25
2021,"IA",3.74
1976,"ID",5.65
1977,"ID",5.85
1978,"ID",5.49166666666667
1979,"ID",5.825
1980,"ID",7.55
1981,"ID",7.65
1982,"ID",9.88333333333333
1983,"ID",9.075
1984,"ID",7.2
1985,"ID",7.80833333333333
1986,"ID",8.38333333333333
1987,"ID",7.625
1988,"ID",6.19166666666667
1989,"ID",5.48333333333333
1990,"ID",5.625
1991,"ID",6.34166666666667
1992,"ID",6.51666666666667
1993,"ID",6.075
1994,"ID",5.5
1995,"ID",5.5
1996,"ID",5.425
1997,"ID",5.21666666666667
1998,"ID",5.23333333333333
1999,"ID",5.00833333333333
2000,"ID",4.65833333333333
2001,"ID",5.08333333333333
2002,"ID",5.61666666666667
2003,"ID",5.56666666666667
2004,"ID",4.86666666666667
2005,"ID",3.99166666666667
2006,"ID",3.425
2007,"ID",3.025
2008,"ID",5.03333333333333
2009,"ID",8.70833333333333
2010,"ID",8.75833333333333
2011,"ID",8.16666666666667
2012,"ID",7.4
2013,"ID",6.81666666666667
2014,"ID",4.38333333333333
2015,"ID",3.86666666666667
2016,"ID",3.675
2017,"ID",3.15833333333333
2018,"ID",2.81666666666667
2019,"ID",2.75833333333333
2020,"ID",5.375
2021,"ID",3.22
1976,"IL",6.55
1977,"IL",6.19166666666667
1978,"IL",5.98333333333333
1979,"IL",5.58333333333333
1980,"IL",8.21666666666667
1981,"IL",8.625
1982,"IL",11.4
1983,"IL",11.7083333333333
1984,"IL",9.13333333333333
1985,"IL",9.05833333333333
1986,"IL",8.30833333333333
1987,"IL",7.46666666666667
1988,"IL",6.74166666666667
1989,"IL",6.06666666666667
1990,"IL",6.3
1991,"IL",7.28333333333333
1992,"IL",7.86666666666667
1993,"IL",7.49166666666667
1994,"IL",5.8
1995,"IL",5.2
1996,"IL",5.28333333333333
1997,"IL",4.775
1998,"IL",4.45
1999,"IL",4.40833333333333
2000,"IL",4.44166666666667
2001,"IL",5.43333333333333
2002,"IL",6.55
2003,"IL",6.725
2004,"IL",6.175
2005,"IL",5.71666666666667
2006,"IL",4.6
2007,"IL",5.06666666666667
2008,"IL",6.50833333333333
2009,"IL",10.1833333333333
2010,"IL",10.4666666666667
2011,"IL",9.75833333333333
2012,"IL",9.05
2013,"IL",9.075
2014,"IL",7.16666666666667
2015,"IL",5.99166666666667
2016,"IL",5.88333333333333
2017,"IL",4.95
2018,"IL",4.375
2019,"IL",3.975
2020,"IL",9.55
2021,"IL",7.28
1976,"IN",6.03333333333333
1977,"IN",5.76666666666667
1978,"IN",5.55
1979,"IN",6.43333333333333
1980,"IN",9.71666666666667
1981,"IN",9.7
1982,"IN",11.9833333333333
1983,"IN",11.1
1984,"IN",8.46666666666667
1985,"IN",7.675
1986,"IN",6.80833333333333
1987,"IN",6.13333333333333
1988,"IN",5.175
1989,"IN",4.71666666666667
1990,"IN",5.10833333333333
1991,"IN",5.7
1992,"IN",6.09166666666667
1993,"IN",5.11666666666667
1994,"IN",4.65833333333333
1995,"IN",4.43333333333333
1996,"IN",3.96666666666667
1997,"IN",3.41666666666667
1998,"IN",3.00833333333333
1999,"IN",2.95
2000,"IN",3.05
2001,"IN",4.24166666666667
2002,"IN",5.19166666666667
2003,"IN",5.275
2004,"IN",5.4
2005,"IN",5.39166666666667
2006,"IN",5
2007,"IN",4.625
2008,"IN",5.94166666666667
2009,"IN",10.4333333333333
2010,"IN",10.0833333333333
2011,"IN",8.90833333333333
2012,"IN",8.225
2013,"IN",7.5
2014,"IN",5.95
2015,"IN",4.78333333333333
2016,"IN",4.36666666666667
2017,"IN",3.49166666666667
2018,"IN",3.38333333333333
2019,"IN",3.23333333333333
2020,"IN",7.175
2021,"IN",4
1976,"KS",4.15
1977,"KS",3.875
1978,"KS",3.04166666666667
1979,"KS",3.10833333333333
1980,"KS",4.4
1981,"KS",4.325
1982,"KS",6.3
1983,"KS",5.89166666666667
1984,"KS",4.98333333333333
1985,"KS",5.13333333333333
1986,"KS",5.35833333333333
1987,"KS",4.81666666666667
1988,"KS",4.49166666666667
1989,"KS",4.15
1990,"KS",4.25
1991,"KS",4.45
1992,"KS",4.56666666666667
1993,"KS",4.94166666666667
1994,"KS",4.78333333333333
1995,"KS",4.35833333333333
1996,"KS",4.25
1997,"KS",3.79166666666667
1998,"KS",3.675
1999,"KS",3.48333333333333
2000,"KS",3.775
2001,"KS",4.26666666666667
2002,"KS",5.08333333333333
2003,"KS",5.55
2004,"KS",5.50833333333333
2005,"KS",5.06666666666667
2006,"KS",4.425
2007,"KS",4.23333333333333
2008,"KS",4.60833333333333
2009,"KS",6.89166666666667
2010,"KS",6.93333333333333
2011,"KS",6.38333333333333
2012,"KS",5.71666666666667
2013,"KS",5.3
2014,"KS",4.50833333333333
2015,"KS",4.15
2016,"KS",4.01666666666667
2017,"KS",3.63333333333333
2018,"KS",3.28333333333333
2019,"KS",3.14166666666667
2020,"KS",5.925
2021,"KS",3.58
1976,"KY",5.41666666666667
1977,"KY",4.85
1978,"KY",5.05
1979,"KY",5.53333333333333
1980,"KY",8
1981,"KY",8.59166666666667
1982,"KY",10.825
1983,"KY",11.2666666666667
1984,"KY",9.06666666666667
1985,"KY",9
1986,"KY",9.25833333333333
1987,"KY",8.275
1988,"KY",7.45
1989,"KY",6.34166666666667
1990,"KY",6.04166666666667
1991,"KY",7.31666666666667
1992,"KY",6.89166666666667
1993,"KY",6.19166666666667
1994,"KY",5.35
1995,"KY",5.4
1996,"KY",5.38333333333333
1997,"KY",5.225
1998,"KY",4.50833333333333
1999,"KY",4.49166666666667
2000,"KY",4.14166666666667
2001,"KY",5.20833333333333
2002,"KY",5.79166666666667
2003,"KY",6.19166666666667
2004,"KY",5.5
2005,"KY",5.875
2006,"KY",5.725
2007,"KY",5.36666666666667
2008,"KY",6.525
2009,"KY",10.7666666666667
2010,"KY",10.2666666666667
2011,"KY",9.375
2012,"KY",8.2
2013,"KY",7.91666666666667
2014,"KY",6.41666666666667
2015,"KY",5.23333333333333
2016,"KY",5.03333333333333
2017,"KY",4.76666666666667
2018,"KY",4.2
2019,"KY",4.11666666666667
2020,"KY",6.60833333333333
2021,"KY",4.94
1976,"LA",6.64166666666667
1977,"LA",6.93333333333333
1978,"LA",6.8
1979,"LA",6.65
1980,"LA",7.05
1981,"LA",8.44166666666667
1982,"LA",10.2166666666667
1983,"LA",11.55
1984,"LA",10.2083333333333
1985,"LA",11.4416666666667
1986,"LA",12.5166666666667
1987,"LA",11.825
1988,"LA",10.5916666666667
1989,"LA",7.85833333333333
1990,"LA",6.23333333333333
1991,"LA",7.24166666666667
1992,"LA",7.83333333333333
1993,"LA",7.45833333333333
1994,"LA",7.65
1995,"LA",6.86666666666667
1996,"LA",6.45833333333333
1997,"LA",5.88333333333333
1998,"LA",5.51666666666667
1999,"LA",4.975
2000,"LA",5.15
2001,"LA",5.6
2002,"LA",5.99166666666667
2003,"LA",6.28333333333333
2004,"LA",5.7
2005,"LA",7.05833333333333
2006,"LA",4.13333333333333
2007,"LA",4.09166666666667
2008,"LA",4.66666666666667
2009,"LA",6.79166666666667
2010,"LA",7.51666666666667
2011,"LA",7.43333333333333
2012,"LA",6.76666666666667
2013,"LA",6.41666666666667
2014,"LA",6.25
2015,"LA",6.29166666666667
2016,"LA",6.06666666666667
2017,"LA",5.125
2018,"LA",4.825
2019,"LA",4.63333333333333
2020,"LA",8.35
2021,"LA",7.38
1976,"MA",9.74166666666667
1977,"MA",7.86666666666667
1978,"MA",6.15833333333333
1979,"MA",5.48333333333333
1980,"MA",5.76666666666667
1981,"MA",6.39166666666667
1982,"MA",7.79166666666667
1983,"MA",6.93333333333333
1984,"MA",4.775
1985,"MA",4.15
1986,"MA",4
1987,"MA",3.34166666666667
1988,"MA",3.30833333333333
1989,"MA",4.225
1990,"MA",6.38333333333333
1991,"MA",8.85833333333333
1992,"MA",8.775
1993,"MA",7.3
1994,"MA",6.23333333333333
1995,"MA",5.45833333333333
1996,"MA",4.61666666666667
1997,"MA",4.05833333333333
1998,"MA",3.375
1999,"MA",3.28333333333333
2000,"MA",2.81666666666667
2001,"MA",3.78333333333333
2002,"MA",5.21666666666667
2003,"MA",5.73333333333333
2004,"MA",5.10833333333333
2005,"MA",4.8
2006,"MA",4.7
2007,"MA",4.51666666666667
2008,"MA",5.33333333333333
2009,"MA",8.075
2010,"MA",8.05833333333333
2011,"MA",7.225
2012,"MA",6.7
2013,"MA",6.64166666666667
2014,"MA",5.74166666666667
2015,"MA",4.79166666666667
2016,"MA",4.04166666666667
2017,"MA",3.8
2018,"MA",3.45
2019,"MA",3.025
2020,"MA",9.00833333333333
2021,"MA",6.8
1976,"MD",6.55
1977,"MD",6.10833333333333
1978,"MD",5.60833333333333
1979,"MD",5.775
1980,"MD",6.6
1981,"MD",7.08333333333333
1982,"MD",8.25833333333333
1983,"MD",6.93333333333333
1984,"MD",5.34166666666667
1985,"MD",4.625
1986,"MD",4.55
1987,"MD",4.30833333333333
1988,"MD",4.175
1989,"MD",3.79166666666667
1990,"MD",4.325
1991,"MD",5.94166666666667
1992,"MD",6.53333333333333
1993,"MD",5.99166666666667
1994,"MD",5.2
1995,"MD",4.98333333333333
1996,"MD",4.93333333333333
1997,"MD",4.80833333333333
1998,"MD",4.24166666666667
1999,"MD",3.45833333333333
2000,"MD",3.51666666666667
2001,"MD",4.20833333333333
2002,"MD",4.775
2003,"MD",4.8
2004,"MD",4.61666666666667
2005,"MD",4.475
2006,"MD",4.175
2007,"MD",3.73333333333333
2008,"MD",4.525
2009,"MD",7.55
2010,"MD",7.825
2011,"MD",7.31666666666667
2012,"MD",6.86666666666667
2013,"MD",6.51666666666667
2014,"MD",5.73333333333333
2015,"MD",4.99166666666667
2016,"MD",4.29166666666667
2017,"MD",4.08333333333333
2018,"MD",3.83333333333333
2019,"MD",3.48333333333333
2020,"MD",6.80833333333333
2021,"MD",6.22
1976,"ME",8.65
1977,"ME",8.35833333333333
1978,"ME",6.41666666666667
1979,"ME",6.625
1980,"ME",7.475
1981,"ME",7.24166666666667
1982,"ME",8.58333333333333
1983,"ME",8.28333333333333
1984,"ME",6.125
1985,"ME",5.55833333333333
1986,"ME",5.275
1987,"ME",4.36666666666667
1988,"ME",3.68333333333333
1989,"ME",4.00833333333333
1990,"ME",5.35833333333333
1991,"ME",7.78333333333333
1992,"ME",7.33333333333333
1993,"ME",6.81666666666667
1994,"ME",6.56666666666667
1995,"ME",5.875
1996,"ME",5.325
1997,"ME",5.19166666666667
1998,"ME",4.45833333333333
1999,"ME",4.00833333333333
2000,"ME",3.33333333333333
2001,"ME",3.75
2002,"ME",4.45833333333333
2003,"ME",5.15
2004,"ME",4.65833333333333
2005,"ME",4.89166666666667
2006,"ME",4.71666666666667
2007,"ME",4.69166666666667
2008,"ME",5.4
2009,"ME",8.39166666666667
2010,"ME",8.41666666666667
2011,"ME",7.725
2012,"ME",7.19166666666667
2013,"ME",6.68333333333333
2014,"ME",5.55833333333333
2015,"ME",4.38333333333333
2016,"ME",3.775
2017,"ME",3.35833333333333
2018,"ME",3.11666666666667
2019,"ME",2.71666666666667
2020,"ME",5.45833333333333
2021,"ME",4.86
1976,"MI",9.4
1977,"MI",8.225
1978,"MI",7.03333333333333
1979,"MI",7.86666666666667
1980,"MI",12.3
1981,"MI",12.375
1982,"MI",15.4583333333333
1983,"MI",14.4833333333333
1984,"MI",11.2333333333333
1985,"MI",10
1986,"MI",8.90833333333333
1987,"MI",8.39166666666667
1988,"MI",7.56666666666667
1989,"MI",7.18333333333333
1990,"MI",7.7
1991,"MI",9.28333333333333
1992,"MI",9.06666666666667
1993,"MI",7.35
1994,"MI",6.08333333333333
1995,"MI",5.31666666666667
1996,"MI",4.89166666666667
1997,"MI",4.29166666666667
1998,"MI",3.975
1999,"MI",3.74166666666667
2000,"MI",3.69166666666667
2001,"MI",5.15833333333333
2002,"MI",6.19166666666667
2003,"MI",7.09166666666667
2004,"MI",6.95
2005,"MI",6.79166666666667
2006,"MI",7.03333333333333
2007,"MI",7.08333333333333
2008,"MI",8.21666666666667
2009,"MI",13.1333333333333
2010,"MI",12.1916666666667
2011,"MI",10.0083333333333
2012,"MI",9.05833333333333
2013,"MI",8.725
2014,"MI",7.23333333333333
2015,"MI",5.425
2016,"MI",5.00833333333333
2017,"MI",4.58333333333333
2018,"MI",4.15833333333333
2019,"MI",4.06666666666667
2020,"MI",9.98333333333333
2021,"MI",5.18
1976,"MN",5.8
1977,"MN",5.275
1978,"MN",3.90833333333333
1979,"MN",4.325
1980,"MN",5.75833333333333
1981,"MN",5.75833333333333
1982,"MN",7.925
1983,"MN",7.925
1984,"MN",6.29166666666667
1985,"MN",6.025
1986,"MN",5.58333333333333
1987,"MN",5.08333333333333
1988,"MN",4.31666666666667
1989,"MN",4.35
1990,"MN",4.70833333333333
1991,"MN",5.10833333333333
1992,"MN",5.03333333333333
1993,"MN",4.84166666666667
1994,"MN",4.01666666666667
1995,"MN",3.66666666666667
1996,"MN",3.78333333333333
1997,"MN",3.225
1998,"MN",2.675
1999,"MN",2.70833333333333
2000,"MN",3.03333333333333
2001,"MN",3.775
2002,"MN",4.46666666666667
2003,"MN",4.78333333333333
2004,"MN",4.58333333333333
2005,"MN",4.1
2006,"MN",4.05833333333333
2007,"MN",4.58333333333333
2008,"MN",5.43333333333333
2009,"MN",7.90833333333333
2010,"MN",7.39166666666667
2011,"MN",6.525
2012,"MN",5.65
2013,"MN",5.04166666666667
2014,"MN",4.26666666666667
2015,"MN",3.79166666666667
2016,"MN",3.875
2017,"MN",3.44166666666667
2018,"MN",3.025
2019,"MN",3.13333333333333
2020,"MN",6.18333333333333
2021,"MN",4.24
1976,"MO",6.18333333333333
1977,"MO",6.01666666666667
1978,"MO",4.9
1979,"MO",4.79166666666667
1980,"MO",7.18333333333333
1981,"MO",7.70833333333333
1982,"MO",9.26666666666667
1983,"MO",9.95833333333333
1984,"MO",7.375
1985,"MO",6.61666666666667
1986,"MO",6.39166666666667
1987,"MO",6.25
1988,"MO",5.7
1989,"MO",5.55
1990,"MO",5.91666666666667
1991,"MO",6.56666666666667
1992,"MO",6.175
1993,"MO",6.225
1994,"MO",5.175
1995,"MO",4.825
1996,"MO",4.70833333333333
1997,"MO",4.35
1998,"MO",4.03333333333333
1999,"MO",3.23333333333333
2000,"MO",3.41666666666667
2001,"MO",4.49166666666667
2002,"MO",5.28333333333333
2003,"MO",5.65833333333333
2004,"MO",5.875
2005,"MO",5.4
2006,"MO",4.875
2007,"MO",5.08333333333333
2008,"MO",6.21666666666667
2009,"MO",9.025
2010,"MO",9.50833333333333
2011,"MO",8.64166666666667
2012,"MO",7.19166666666667
2013,"MO",6.775
2014,"MO",6.15
2015,"MO",5.10833333333333
2016,"MO",4.55
2017,"MO",3.76666666666667
2018,"MO",3.21666666666667
2019,"MO",3.275
2020,"MO",6.11666666666667
2021,"MO",4.22
1976,"MS",6.49166666666667
1977,"MS",7.20833333333333
1978,"MS",6.75
1979,"MS",5.73333333333333
1980,"MS",7.4
1981,"MS",8.51666666666667
1982,"MS",11.0083333333333
1983,"MS",11.9666666666667
1984,"MS",10.6166666666667
1985,"MS",10.4333333333333
1986,"MS",11.425
1987,"MS",10.05
1988,"MS",8.55
1989,"MS",7.90833333333333
1990,"MS",7.58333333333333
1991,"MS",8.39166666666667
1992,"MS",7.975
1993,"MS",6.73333333333333
1994,"MS",6.29166666666667
1995,"MS",6.2
1996,"MS",5.99166666666667
1997,"MS",5.7
1998,"MS",5.24166666666667
1999,"MS",5.10833333333333
2000,"MS",5.325
2001,"MS",5.49166666666667
2002,"MS",6.425
2003,"MS",6.14166666666667
2004,"MS",6.15833333333333
2005,"MS",7.6
2006,"MS",6.375
2007,"MS",6.15
2008,"MS",6.70833333333333
2009,"MS",9.35833333333333
2010,"MS",10.0833333333333
2011,"MS",9.775
2012,"MS",8.825
2013,"MS",8.49166666666667
2014,"MS",7.59166666666667
2015,"MS",6.48333333333333
2016,"MS",5.96666666666667
2017,"MS",5.21666666666667
2018,"MS",4.94166666666667
2019,"MS",5.51666666666667
2020,"MS",8.11666666666667
2021,"MS",6.24
1976,"MT",5.875
1977,"MT",6.15
1978,"MT",5.56666666666667
1979,"MT",5.20833333333333
1980,"MT",6.31666666666667
1981,"MT",6.725
1982,"MT",8.60833333333333
1983,"MT",8.74166666666667
1984,"MT",7.50833333333333
1985,"MT",7.66666666666667
1986,"MT",7.95
1987,"MT",7.46666666666667
1988,"MT",6.63333333333333
1989,"MT",5.95833333333333
1990,"MT",6.05833333333333
1991,"MT",6.93333333333333
1992,"MT",6.70833333333333
1993,"MT",6.11666666666667
1994,"MT",5.49166666666667
1995,"MT",5.70833333333333
1996,"MT",5.55833333333333
1997,"MT",5.5
1998,"MT",5.60833333333333
1999,"MT",5.30833333333333
2000,"MT",4.83333333333333
2001,"MT",4.60833333333333
2002,"MT",4.55
2003,"MT",4.74166666666667
2004,"MT",4.50833333333333
2005,"MT",4.06666666666667
2006,"MT",3.34166666666667
2007,"MT",3.35833333333333
2008,"MT",4.725
2009,"MT",7.11666666666667
2010,"MT",7.18333333333333
2011,"MT",6.625
2012,"MT",5.8
2013,"MT",5.34166666666667
2014,"MT",4.66666666666667
2015,"MT",4.29166666666667
2016,"MT",4.325
2017,"MT",4.10833333333333
2018,"MT",3.775
2019,"MT",3.60833333333333
2020,"MT",5.9
2021,"MT",3.8
1976,"NC",6.19166666666667
1977,"NC",5.89166666666667
1978,"NC",4.54166666666667
1979,"NC",4.83333333333333
1980,"NC",6.425
1981,"NC",6.425
1982,"NC",9.24166666666667
1983,"NC",8.88333333333333
1984,"NC",6.575
1985,"NC",5.65
1986,"NC",5.30833333333333
1987,"NC",4.55833333333333
1988,"NC",3.7
1989,"NC",3.56666666666667
1990,"NC",4.11666666666667
1991,"NC",5.90833333333333
1992,"NC",6.25
1993,"NC",5.11666666666667
1994,"NC",4.41666666666667
1995,"NC",4.35833333333333
1996,"NC",4.34166666666667
1997,"NC",3.83333333333333
1998,"NC",3.53333333333333
1999,"NC",3.28333333333333
2000,"NC",3.75833333333333
2001,"NC",5.625
2002,"NC",6.925
2003,"NC",6.71666666666667
2004,"NC",5.85833333333333
2005,"NC",5.6
2006,"NC",5.13333333333333
2007,"NC",5.09166666666667
2008,"NC",6.20833333333333
2009,"NC",11.0333333333333
2010,"NC",10.7166666666667
2011,"NC",10.2333333333333
2012,"NC",9.51666666666667
2013,"NC",7.73333333333333
2014,"NC",6.10833333333333
2015,"NC",5.65833333333333
2016,"NC",5.1
2017,"NC",4.53333333333333
2018,"NC",4.025
2019,"NC",3.78333333333333
2020,"NC",7.41666666666667
2021,"NC",5.32
1976,"ND",3.75833333333333
1977,"ND",4.44166666666667
1978,"ND",4.13333333333333
1979,"ND",4.18333333333333
1980,"ND",4.89166666666667
1981,"ND",4.925
1982,"ND",5.59166666666667
1983,"ND",5.875
1984,"ND",5.35
1985,"ND",5.45833333333333
1986,"ND",5.55
1987,"ND",4.95
1988,"ND",4.6
1989,"ND",4.28333333333333
1990,"ND",4.13333333333333
1991,"ND",4.36666666666667
1992,"ND",4.56666666666667
1993,"ND",4.275
1994,"ND",3.70833333333333
1995,"ND",3.31666666666667
1996,"ND",3.14166666666667
1997,"ND",2.95
1998,"ND",2.95
1999,"ND",3.14166666666667
2000,"ND",2.925
2001,"ND",2.83333333333333
2002,"ND",3.375
2003,"ND",3.475
2004,"ND",3.38333333333333
2005,"ND",3.30833333333333
2006,"ND",3.1
2007,"ND",3.01666666666667
2008,"ND",3.10833333333333
2009,"ND",3.91666666666667
2010,"ND",3.69166666666667
2011,"ND",3.35833333333333
2012,"ND",2.93333333333333
2013,"ND",2.89166666666667
2014,"ND",2.61666666666667
2015,"ND",2.78333333333333
2016,"ND",3.1
2017,"ND",2.675
2018,"ND",2.475
2019,"ND",2.30833333333333
2020,"ND",5.125
2021,"ND",4.38
1976,"NE",3.15
1977,"NE",3.36666666666667
1978,"NE",2.96666666666667
1979,"NE",2.85
1980,"NE",3.80833333333333
1981,"NE",4.125
1982,"NE",5.5
1983,"NE",5.56666666666667
1984,"NE",4.49166666666667
1985,"NE",5.05
1986,"NE",4.83333333333333
1987,"NE",4.20833333333333
1988,"NE",3.44166666666667
1989,"NE",2.85833333333333
1990,"NE",2.375
1991,"NE",2.65833333333333
1992,"NE",2.86666666666667
1993,"NE",2.76666666666667
1994,"NE",2.61666666666667
1995,"NE",2.63333333333333
1996,"NE",2.66666666666667
1997,"NE",2.40833333333333
1998,"NE",2.50833333333333
1999,"NE",2.71666666666667
2000,"NE",2.79166666666667
2001,"NE",3.15
2002,"NE",3.68333333333333
2003,"NE",3.94166666666667
2004,"NE",3.90833333333333
2005,"NE",3.75833333333333
2006,"NE",3.04166666666667
2007,"NE",2.925
2008,"NE",3.25833333333333
2009,"NE",4.65833333333333
2010,"NE",4.7
2011,"NE",4.4
2012,"NE",3.88333333333333
2013,"NE",3.675
2014,"NE",3.25
2015,"NE",2.98333333333333
2016,"NE",3.06666666666667
2017,"NE",2.93333333333333
2018,"NE",2.85833333333333
2019,"NE",2.975
2020,"NE",4.25
2021,"NE",2.92
1976,"NH",6.425
1977,"NH",5.56666666666667
1978,"NH",3.81666666666667
1979,"NH",3.13333333333333
1980,"NH",4.50833333333333
1981,"NH",5.05833333333333
1982,"NH",6.86666666666667
1983,"NH",5.5
1984,"NH",4.2
1985,"NH",3.65833333333333
1986,"NH",2.65833333333333
1987,"NH",2.20833333333333
1988,"NH",2.375
1989,"NH",3.34166666666667
1990,"NH",5.275
1991,"NH",6.8
1992,"NH",7.3
1993,"NH",6.1
1994,"NH",4.49166666666667
1995,"NH",3.825
1996,"NH",3.74166666666667
1997,"NH",3.36666666666667
1998,"NH",2.83333333333333
1999,"NH",2.75
2000,"NH",2.65
2001,"NH",3.39166666666667
2002,"NH",4.49166666666667
2003,"NH",4.46666666666667
2004,"NH",3.8
2005,"NH",3.625
2006,"NH",3.53333333333333
2007,"NH",3.525
2008,"NH",3.76666666666667
2009,"NH",6.14166666666667
2010,"NH",6.08333333333333
2011,"NH",5.45
2012,"NH",5.46666666666667
2013,"NH",5.25
2014,"NH",4.325
2015,"NH",3.39166666666667
2016,"NH",2.88333333333333
2017,"NH",2.825
2018,"NH",2.65
2019,"NH",2.6
2020,"NH",6.70833333333333
2021,"NH",3.04
1976,"NJ",10.3833333333333
1977,"NJ",9.28333333333333
1978,"NJ",7.24166666666667
1979,"NJ",6.86666666666667
1980,"NJ",7.175
1981,"NJ",7.525
1982,"NJ",8.70833333333333
1983,"NJ",8.19166666666667
1984,"NJ",6.26666666666667
1985,"NJ",5.60833333333333
1986,"NJ",5.03333333333333
1987,"NJ",4.03333333333333
1988,"NJ",3.75
1989,"NJ",4.05
1990,"NJ",5.06666666666667
1991,"NJ",6.78333333333333
1992,"NJ",8.50833333333333
1993,"NJ",7.775
1994,"NJ",6.825
1995,"NJ",6.41666666666667
1996,"NJ",6.11666666666667
1997,"NJ",5.325
1998,"NJ",4.55833333333333
1999,"NJ",4.4
2000,"NJ",3.65
2001,"NJ",4.23333333333333
2002,"NJ",5.76666666666667
2003,"NJ",5.84166666666667
2004,"NJ",4.925
2005,"NJ",4.44166666666667
2006,"NJ",4.61666666666667
2007,"NJ",4.20833333333333
2008,"NJ",5.45
2009,"NJ",8.93333333333333
2010,"NJ",9.65833333333333
2011,"NJ",9.375
2012,"NJ",9.38333333333333
2013,"NJ",8.375
2014,"NJ",6.73333333333333
2015,"NJ",5.7
2016,"NJ",4.94166666666667
2017,"NJ",4.50833333333333
2018,"NJ",3.99166666666667
2019,"NJ",3.425
2020,"NJ",9.84166666666667
2021,"NJ",7.58
1976,"NM",8.71666666666667
1977,"NM",7.73333333333333
1978,"NM",6.19166666666667
1979,"NM",6.66666666666667
1980,"NM",7.60833333333333
1981,"NM",7.225
1982,"NM",9.03333333333333
1983,"NM",9.70833333333333
1984,"NM",7.71666666666667
1985,"NM",8.575
1986,"NM",9.23333333333333
1987,"NM",8.925
1988,"NM",7.59166666666667
1989,"NM",6.75
1990,"NM",6.675
1991,"NM",7.26666666666667
1992,"NM",7.31666666666667
1993,"NM",7.28333333333333
1994,"NM",6.53333333333333
1995,"NM",6.65
1996,"NM",7.48333333333333
1997,"NM",6.43333333333333
1998,"NM",6.24166666666667
1999,"NM",5.6
2000,"NM",5.025
2001,"NM",4.95833333333333
2002,"NM",5.48333333333333
2003,"NM",5.9
2004,"NM",5.55833333333333
2005,"NM",5.18333333333333
2006,"NM",4.23333333333333
2007,"NM",3.59166666666667
2008,"NM",4.3
2009,"NM",7.05
2010,"NM",7.775
2011,"NM",7.21666666666667
2012,"NM",6.96666666666667
2013,"NM",6.90833333333333
2014,"NM",6.59166666666667
2015,"NM",6.6
2016,"NM",6.75
2017,"NM",6.075
2018,"NM",4.94166666666667
2019,"NM",5.025
2020,"NM",8.46666666666667
2021,"NM",8.28
1976,"NV",8.825
1977,"NV",6.76666666666667
1978,"NV",4.41666666666667
1979,"NV",4.86666666666667
1980,"NV",6.31666666666667
1981,"NV",7.31666666666667
1982,"NV",10.05
1983,"NV",9.84166666666667
1984,"NV",7.65833333333333
1985,"NV",7.475
1986,"NV",6.38333333333333
1987,"NV",6.2
1988,"NV",5.24166666666667
1989,"NV",4.65833333333333
1990,"NV",4.7
1991,"NV",5.9
1992,"NV",6.8
1993,"NV",6.9
1994,"NV",6.24166666666667
1995,"NV",5.56666666666667
1996,"NV",5.05833333333333
1997,"NV",4.375
1998,"NV",4.175
1999,"NV",3.96666666666667
2000,"NV",4.11666666666667
2001,"NV",5.19166666666667
2002,"NV",5.68333333333333
2003,"NV",5.28333333333333
2004,"NV",4.45833333333333
2005,"NV",4.125
2006,"NV",4.06666666666667
2007,"NV",4.59166666666667
2008,"NV",6.88333333333333
2009,"NV",11.725
2010,"NV",13.7333333333333
2011,"NV",13.3166666666667
2012,"NV",11.6083333333333
2013,"NV",9.96666666666667
2014,"NV",8.15833333333333
2015,"NV",6.85
2016,"NV",5.80833333333333
2017,"NV",5.01666666666667
2018,"NV",4.40833333333333
2019,"NV",3.9
2020,"NV",13.0166666666667
2021,"NV",8.16
1976,"NY",10.2083333333333
1977,"NY",9.16666666666667
1978,"NY",7.70833333333333
1979,"NY",7.1
1980,"NY",7.43333333333333
1981,"NY",7.55833333333333
1982,"NY",8.7
1983,"NY",8.88333333333333
1984,"NY",7.225
1985,"NY",6.6
1986,"NY",6.21666666666667
1987,"NY",4.79166666666667
1988,"NY",4.23333333333333
1989,"NY",4.86666666666667
1990,"NY",5.35
1991,"NY",7.30833333333333
1992,"NY",8.68333333333333
1993,"NY",7.925
1994,"NY",6.91666666666667
1995,"NY",6.33333333333333
1996,"NY",6.25833333333333
1997,"NY",6.4
1998,"NY",5.6
1999,"NY",5.18333333333333
2000,"NY",4.50833333333333
2001,"NY",4.875
2002,"NY",6.2
2003,"NY",6.4
2004,"NY",5.79166666666667
2005,"NY",4.95833333333333
2006,"NY",4.53333333333333
2007,"NY",4.43333333333333
2008,"NY",5.40833333333333
2009,"NY",8.36666666666667
2010,"NY",8.71666666666667
2011,"NY",8.35833333333333
2012,"NY",8.625
2013,"NY",7.79166666666667
2014,"NY",6.29166666666667
2015,"NY",5.23333333333333
2016,"NY",4.875
2017,"NY",4.65
2018,"NY",4.09166666666667
2019,"NY",3.81666666666667
2020,"NY",10.0833333333333
2021,"NY",8.42
1976,"OH",7.725
1977,"OH",6.45833333333333
1978,"OH",5.51666666666667
1979,"OH",5.86666666666667
1980,"OH",8.31666666666667
1981,"OH",9.56666666666667
1982,"OH",12.575
1983,"OH",12.35
1984,"OH",9.46666666666667
1985,"OH",8.91666666666667
1986,"OH",8.31666666666667
1987,"OH",7.10833333333333
1988,"OH",6.01666666666667
1989,"OH",5.575
1990,"OH",5.79166666666667
1991,"OH",6.53333333333333
1992,"OH",7.39166666666667
1993,"OH",6.675
1994,"OH",5.66666666666667
1995,"OH",4.86666666666667
1996,"OH",4.99166666666667
1997,"OH",4.625
1998,"OH",4.35
1999,"OH",4.325
2000,"OH",4.11666666666667
2001,"OH",4.375
2002,"OH",5.79166666666667
2003,"OH",6.21666666666667
2004,"OH",6.25
2005,"OH",5.93333333333333
2006,"OH",5.41666666666667
2007,"OH",5.60833333333333
2008,"OH",6.6
2009,"OH",10.1416666666667
2010,"OH",10.2666666666667
2011,"OH",8.81666666666667
2012,"OH",7.40833333333333
2013,"OH",7.45833333333333
2014,"OH",5.8
2015,"OH",4.95
2016,"OH",5.075
2017,"OH",4.96666666666667
2018,"OH",4.5
2019,"OH",4.16666666666667
2020,"OH",8.18333333333333
2021,"OH",4.94
1976,"OK",5.58333333333333
1977,"OK",4.76666666666667
1978,"OK",3.31666666666667
1979,"OK",3.09166666666667
1980,"OK",4.125
1981,"OK",3.56666666666667
1982,"OK",6.075
1983,"OK",8.10833333333333
1984,"OK",6.79166666666667
1985,"OK",7.08333333333333
1986,"OK",8.31666666666667
1987,"OK",7.15833333333333
1988,"OK",6.31666666666667
1989,"OK",5.74166666666667
1990,"OK",5.38333333333333
1991,"OK",6
1992,"OK",5.86666666666667
1993,"OK",5.65
1994,"OK",5.3
1995,"OK",4.45833333333333
1996,"OK",4
1997,"OK",3.95833333333333
1998,"OK",4.075
1999,"OK",3.46666666666667
2000,"OK",2.99166666666667
2001,"OK",3.625
2002,"OK",4.625
2003,"OK",5.40833333333333
2004,"OK",4.70833333333333
2005,"OK",4.325
2006,"OK",3.91666666666667
2007,"OK",3.96666666666667
2008,"OK",3.61666666666667
2009,"OK",6.55833333333333
2010,"OK",6.5
2011,"OK",5.59166666666667
2012,"OK",5.11666666666667
2013,"OK",5.11666666666667
2014,"OK",4.33333333333333
2015,"OK",4.29166666666667
2016,"OK",4.65833333333333
2017,"OK",4.03333333333333
2018,"OK",3.26666666666667
2019,"OK",3.09166666666667
2020,"OK",6.15
2021,"OK",4.24
1976,"OR",9.26666666666667
1977,"OR",7.43333333333333
1978,"OR",6.11666666666667
1979,"OR",6.725
1980,"OR",8.41666666666667
1981,"OR",9.7
1982,"OR",11.3583333333333
1983,"OR",10.8333333333333
1984,"OR",9.3
1985,"OR",8.65833333333333
1986,"OR",7.925
1987,"OR",6.15833333333333
1988,"OR",5.73333333333333
1989,"OR",5.33333333333333
1990,"OR",5.4
1991,"OR",6.2
1992,"OR",7.275
1993,"OR",6.98333333333333
1994,"OR",5.30833333333333
1995,"OR",4.76666666666667
1996,"OR",5.55833333333333
1997,"OR",5.55
1998,"OR",5.64166666666667
1999,"OR",5.46666666666667
2000,"OR",5.19166666666667
2001,"OR",6.375
2002,"OR",7.475
2003,"OR",8.01666666666667
2004,"OR",7.34166666666667
2005,"OR",6.19166666666667
2006,"OR",5.39166666666667
2007,"OR",5.15833333333333
2008,"OR",6.275
2009,"OR",10.7916666666667
2010,"OR",10.6916666666667
2011,"OR",9.60833333333333
2012,"OR",8.80833333333333
2013,"OR",7.75
2014,"OR",6.64166666666667
2015,"OR",5.46666666666667
2016,"OR",4.75
2017,"OR",4.05
2018,"OR",4.00833333333333
2019,"OR",3.70833333333333
2020,"OR",7.59166666666667
2021,"OR",6.02
1976,"PA",8.00833333333333
1977,"PA",7.74166666666667
1978,"PA",7.00833333333333
1979,"PA",6.975
1980,"PA",8.14166666666667
1981,"PA",8.36666666666667
1982,"PA",10.9
1983,"PA",11.1083333333333
1984,"PA",8.93333333333333
1985,"PA",8
1986,"PA",6.98333333333333
1987,"PA",5.75
1988,"PA",5.13333333333333
1989,"PA",4.9
1990,"PA",5.51666666666667
1991,"PA",6.91666666666667
1992,"PA",7.45
1993,"PA",6.93333333333333
1994,"PA",6.31666666666667
1995,"PA",5.875
1996,"PA",5.49166666666667
1997,"PA",5.14166666666667
1998,"PA",4.69166666666667
1999,"PA",4.49166666666667
2000,"PA",4.225
2001,"PA",4.80833333333333
2002,"PA",5.53333333333333
2003,"PA",5.7
2004,"PA",5.35833333333333
2005,"PA",4.98333333333333
2006,"PA",4.70833333333333
2007,"PA",4.55833333333333
2008,"PA",5.35
2009,"PA",7.975
2010,"PA",8.16666666666667
2011,"PA",7.74166666666667
2012,"PA",7.65833333333333
2013,"PA",7.1
2014,"PA",5.93333333333333
2015,"PA",5.39166666666667
2016,"PA",5.34166666666667
2017,"PA",4.96666666666667
2018,"PA",4.48333333333333
2019,"PA",4.45
2020,"PA",9.11666666666667
2021,"PA",7.2
1976,"RI",8.00833333333333
1977,"RI",8.04166666666667
1978,"RI",6.30833333333333
1979,"RI",6.31666666666667
1980,"RI",7.24166666666667
1981,"RI",7.55833333333333
1982,"RI",9.99166666666667
1983,"RI",8.45833333333333
1984,"RI",5.31666666666667
1985,"RI",4.65833333333333
1986,"RI",4.075
1987,"RI",3.7
1988,"RI",2.94166666666667
1989,"RI",3.9
1990,"RI",6.25
1991,"RI",8.41666666666667
1992,"RI",8.98333333333333
1993,"RI",7.54166666666667
1994,"RI",6.63333333333333
1995,"RI",6.31666666666667
1996,"RI",5.225
1997,"RI",5.325
1998,"RI",4.54166666666667
1999,"RI",4.2
2000,"RI",4
2001,"RI",4.44166666666667
2002,"RI",5.10833333333333
2003,"RI",5.575
2004,"RI",5.25
2005,"RI",5.10833333333333
2006,"RI",5.21666666666667
2007,"RI",5.10833333333333
2008,"RI",7.6
2009,"RI",11.3916666666667
2010,"RI",11.625
2011,"RI",11.0166666666667
2012,"RI",10.2166666666667
2013,"RI",9.475
2014,"RI",7.76666666666667
2015,"RI",6.025
2016,"RI",5.24166666666667
2017,"RI",4.49166666666667
2018,"RI",4.06666666666667
2019,"RI",3.60833333333333
2020,"RI",9.46666666666667
2021,"RI",6.72
1976,"SC",7.025
1977,"SC",6.73333333333333
1978,"SC",5.55833333333333
1979,"SC",4.98333333333333
1980,"SC",6.725
1981,"SC",8.15
1982,"SC",10.775
1983,"SC",9.89166666666667
1984,"SC",6.95
1985,"SC",6.8
1986,"SC",6.36666666666667
1987,"SC",5.48333333333333
1988,"SC",4.63333333333333
1989,"SC",4.61666666666667
1990,"SC",4.90833333333333
1991,"SC",6.10833333333333
1992,"SC",6.75
1993,"SC",7.29166666666667
1994,"SC",6.15833333333333
1995,"SC",5.1
1996,"SC",5.66666666666667
1997,"SC",4.5
1998,"SC",3.63333333333333
1999,"SC",4.14166666666667
2000,"SC",3.73333333333333
2001,"SC",5.28333333333333
2002,"SC",6.43333333333333
2003,"SC",7.19166666666667
2004,"SC",7.44166666666667
2005,"SC",7.29166666666667
2006,"SC",6.875
2007,"SC",6.06666666666667
2008,"SC",7.29166666666667
2009,"SC",11.4083333333333
2010,"SC",11.3
2011,"SC",10.45
2012,"SC",9.03333333333333
2013,"SC",7.425
2014,"SC",6.275
2015,"SC",5.9
2016,"SC",4.91666666666667
2017,"SC",4.2
2018,"SC",3.39166666666667
2019,"SC",2.75
2020,"SC",6.175
2021,"SC",5.04
1976,"SD",3.31666666666667
1977,"SD",3.375
1978,"SD",3.15833333333333
1979,"SD",3.35833333333333
1980,"SD",4.71666666666667
1981,"SD",4.80833333333333
1982,"SD",5.425
1983,"SD",5.20833333333333
1984,"SD",4.36666666666667
1985,"SD",4.825
1986,"SD",4.63333333333333
1987,"SD",4.3
1988,"SD",4.09166666666667
1989,"SD",3.85
1990,"SD",3.625
1991,"SD",3.525
1992,"SD",3.475
1993,"SD",3.45833333333333
1994,"SD",3.28333333333333
1995,"SD",3.18333333333333
1996,"SD",3.29166666666667
1997,"SD",2.94166666666667
1998,"SD",2.84166666666667
1999,"SD",2.725
2000,"SD",2.53333333333333
2001,"SD",3
2002,"SD",3.23333333333333
2003,"SD",3.475
2004,"SD",3.60833333333333
2005,"SD",3.55
2006,"SD",3
2007,"SD",2.825
2008,"SD",3.08333333333333
2009,"SD",4.58333333333333
2010,"SD",4.90833333333333
2011,"SD",4.6
2012,"SD",4.05833333333333
2013,"SD",3.7
2014,"SD",3.33333333333333
2015,"SD",3.05
2016,"SD",3.01666666666667
2017,"SD",3.10833333333333
2018,"SD",2.88333333333333
2019,"SD",2.98333333333333
2020,"SD",4.64166666666667
2021,"SD",2.92
1976,"TN",6.1
1977,"TN",6.26666666666667
1978,"TN",5.84166666666667
1979,"TN",5.85833333333333
1980,"TN",7.225
1981,"TN",8.9
1982,"TN",11.675
1983,"TN",11.65
1984,"TN",8.84166666666667
1985,"TN",7.91666666666667
1986,"TN",7.9
1987,"TN",6.69166666666667
1988,"TN",5.79166666666667
1989,"TN",5.08333333333333
1990,"TN",5.35
1991,"TN",6.6
1992,"TN",6.45
1993,"TN",5.85
1994,"TN",4.80833333333333
1995,"TN",5.15833333333333
1996,"TN",5.16666666666667
1997,"TN",5.26666666666667
1998,"TN",4.35
1999,"TN",3.95833333333333
2000,"TN",3.86666666666667
2001,"TN",4.51666666666667
2002,"TN",5.125
2003,"TN",5.50833333333333
2004,"TN",5.35
2005,"TN",5.525
2006,"TN",5.275
2007,"TN",4.63333333333333
2008,"TN",6.51666666666667
2009,"TN",10.1166666666667
2010,"TN",9.825
2011,"TN",9.10833333333333
2012,"TN",7.95833333333333
2013,"TN",7.725
2014,"TN",6.6
2015,"TN",5.56666666666667
2016,"TN",4.75833333333333
2017,"TN",3.74166666666667
2018,"TN",3.48333333333333
2019,"TN",3.375
2020,"TN",7.51666666666667
2021,"TN",5.02
1976,"TX",5.81666666666667
1977,"TX",5.43333333333333
1978,"TX",4.86666666666667
1979,"TX",4.41666666666667
1980,"TX",5.25
1981,"TX",5.35
1982,"TX",6.9
1983,"TX",8.05833333333333
1984,"TX",6.15833333333333
1985,"TX",7.025
1986,"TX",8.75
1987,"TX",8.50833333333333
1988,"TX",7.41666666666667
1989,"TX",6.725
1990,"TX",6.38333333333333
1991,"TX",6.98333333333333
1992,"TX",7.68333333333333
1993,"TX",7.21666666666667
1994,"TX",6.56666666666667
1995,"TX",6.11666666666667
1996,"TX",5.75
1997,"TX",5.39166666666667
1998,"TX",4.96666666666667
1999,"TX",4.725
2000,"TX",4.38333333333333
2001,"TX",4.95833333333333
2002,"TX",6.35833333333333
2003,"TX",6.73333333333333
2004,"TX",6.01666666666667
2005,"TX",5.45833333333333
2006,"TX",5
2007,"TX",4.36666666666667
2008,"TX",4.86666666666667
2009,"TX",7.54166666666667
2010,"TX",8.19166666666667
2011,"TX",8.01666666666667
2012,"TX",6.70833333333333
2013,"TX",6.3
2014,"TX",5.19166666666667
2015,"TX",4.48333333333333
2016,"TX",4.65
2017,"TX",4.34166666666667
2018,"TX",3.89166666666667
2019,"TX",3.50833333333333
2020,"TX",7.7
2021,"TX",6.76
1976,"UT",5.60833333333333
1977,"UT",5.20833333333333
1978,"UT",3.86666666666667
1979,"UT",4.4
1980,"UT",6.275
1981,"UT",6.65
1982,"UT",8.10833333333333
1983,"UT",9.01666666666667
1984,"UT",6.56666666666667
1985,"UT",6.05
1986,"UT",6.15833333333333
1987,"UT",6.26666666666667
1988,"UT",4.95833333333333
1989,"UT",4.6
1990,"UT",4.38333333333333
1991,"UT",4.75833333333333
1992,"UT",4.875
1993,"UT",4.05
1994,"UT",3.74166666666667
1995,"UT",3.43333333333333
1996,"UT",3.375
1997,"UT",3.16666666666667
1998,"UT",3.55833333333333
1999,"UT",3.50833333333333
2000,"UT",3.325
2001,"UT",4.36666666666667
2002,"UT",5.66666666666667
2003,"UT",5.56666666666667
2004,"UT",5.00833333333333
2005,"UT",4.04166666666667
2006,"UT",2.86666666666667
2007,"UT",2.55833333333333
2008,"UT",3.34166666666667
2009,"UT",7.25833333333333
2010,"UT",7.93333333333333
2011,"UT",7.05833333333333
2012,"UT",4.775
2013,"UT",4.20833333333333
2014,"UT",3.63333333333333
2015,"UT",3.50833333333333
2016,"UT",3.35
2017,"UT",3.15833333333333
2018,"UT",2.91666666666667
2019,"UT",2.54166666666667
2020,"UT",4.7
2021,"UT",2.9
1976,"VA",5.86666666666667
1977,"VA",5.45
1978,"VA",5.275
1979,"VA",4.725
1980,"VA",5.10833333333333
1981,"VA",5.94166666666667
1982,"VA",7.40833333333333
1983,"VA",6.35
1984,"VA",5.06666666666667
1985,"VA",5.40833333333333
1986,"VA",4.95
1987,"VA",4.18333333333333
1988,"VA",3.90833333333333
1989,"VA",3.89166666666667
1990,"VA",4.41666666666667
1991,"VA",5.80833333333333
1992,"VA",6.15833333333333
1993,"VA",5.2
1994,"VA",4.8
1995,"VA",4.45
1996,"VA",4.31666666666667
1997,"VA",3.7
1998,"VA",2.775
1999,"VA",2.7
2000,"VA",2.28333333333333
2001,"VA",3.28333333333333
2002,"VA",4.35833333333333
2003,"VA",4.34166666666667
2004,"VA",4.08333333333333
2005,"VA",3.825
2006,"VA",3.34166666666667
2007,"VA",3.28333333333333
2008,"VA",4.275
2009,"VA",6.83333333333333
2010,"VA",7.29166666666667
2011,"VA",6.54166666666667
2012,"VA",5.95
2013,"VA",5.55
2014,"VA",5.11666666666667
2015,"VA",4.36666666666667
2016,"VA",4
2017,"VA",3.66666666666667
2018,"VA",2.95
2019,"VA",2.66666666666667
2020,"VA",6.26666666666667
2021,"VA",4.96
1976,"VT",8.25833333333333
1977,"VT",7.00833333333333
1978,"VT",5.65833333333333
1979,"VT",4.98333333333333
1980,"VT",5.93333333333333
1981,"VT",5.85
1982,"VT",6.85
1983,"VT",6.54166666666667
1984,"VT",4.91666666666667
1985,"VT",4.58333333333333
1986,"VT",4.31666666666667
1987,"VT",3.76666666666667
1988,"VT",3.00833333333333
1989,"VT",3.625
1990,"VT",4.70833333333333
1991,"VT",5.95833333333333
1992,"VT",6.25
1993,"VT",5.20833333333333
1994,"VT",4.4
1995,"VT",4.16666666666667
1996,"VT",4.29166666666667
1997,"VT",3.94166666666667
1998,"VT",3.46666666666667
1999,"VT",3.075
2000,"VT",2.80833333333333
2001,"VT",3.29166666666667
2002,"VT",3.83333333333333
2003,"VT",4.38333333333333
2004,"VT",3.675
2005,"VT",3.45
2006,"VT",3.71666666666667
2007,"VT",3.94166666666667
2008,"VT",4.56666666666667
2009,"VT",6.16666666666667
2010,"VT",6.31666666666667
2011,"VT",5.56666666666667
2012,"VT",4.81666666666667
2013,"VT",4.41666666666667
2014,"VT",3.99166666666667
2015,"VT",3.53333333333333
2016,"VT",3.125
2017,"VT",3.01666666666667
2018,"VT",2.64166666666667
2019,"VT",2.30833333333333
2020,"VT",5.58333333333333
2021,"VT",2.92
1976,"WA",8.78333333333333
1977,"WA",8.375
1978,"WA",6.80833333333333
1979,"WA",6.79166666666667
1980,"WA",7.925
1981,"WA",9.325
1982,"WA",11.6333333333333
1983,"WA",11.2
1984,"WA",9.31666666666667
1985,"WA",8.24166666666667
1986,"WA",8.09166666666667
1987,"WA",7.3
1988,"WA",6.28333333333333
1989,"WA",5.91666666666667
1990,"WA",5.16666666666667
1991,"WA",6.09166666666667
1992,"WA",7.19166666666667
1993,"WA",7.275
1994,"WA",6.29166666666667
1995,"WA",6.225
1996,"WA",5.90833333333333
1997,"WA",4.94166666666667
1998,"WA",4.83333333333333
1999,"WA",4.825
2000,"WA",5.09166666666667
2001,"WA",6.00833333333333
2002,"WA",7.075
2003,"WA",7.23333333333333
2004,"WA",6.3
2005,"WA",5.59166666666667
2006,"WA",5
2007,"WA",4.6
2008,"WA",5.29166666666667
2009,"WA",8.26666666666667
2010,"WA",9.13333333333333
2011,"WA",8.525
2012,"WA",7.64166666666667
2013,"WA",6.63333333333333
2014,"WA",5.925
2015,"WA",5.43333333333333
2016,"WA",5.225
2017,"WA",4.625
2018,"WA",4.38333333333333
2019,"WA",4.15833333333333
2020,"WA",8.40833333333333
2021,"WA",5.56
1976,"WV",7.225
1977,"WV",6.91666666666667
1978,"WV",6.34166666666667
1979,"WV",7.325
1980,"WV",10.1333333333333
1981,"WV",10.5916666666667
1982,"WV",14.0416666666667
1983,"WV",17.2333333333333
1984,"WV",14.0916666666667
1985,"WV",13.15
1986,"WV",12.0583333333333
1987,"WV",10.975
1988,"WV",9.94166666666667
1989,"WV",8.73333333333333
1990,"WV",8.625
1991,"WV",10.65
1992,"WV",11.2333333333333
1993,"WV",10.3083333333333
1994,"WV",8.81666666666667
1995,"WV",7.96666666666667
1996,"WV",7.65
1997,"WV",6.98333333333333
1998,"WV",6.68333333333333
1999,"WV",6.45
2000,"WV",5.575
2001,"WV",5.39166666666667
2002,"WV",6.45833333333333
2003,"WV",6.56666666666667
2004,"WV",5.76666666666667
2005,"WV",5.425
2006,"WV",5.2
2007,"WV",4.825
2008,"WV",4.75
2009,"WV",8.3
2010,"WV",8.63333333333333
2011,"WV",7.825
2012,"WV",7.25833333333333
2013,"WV",6.71666666666667
2014,"WV",6.5
2015,"WV",6.58333333333333
2016,"WV",6.09166666666667
2017,"WV",5.225
2018,"WV",5.2
2019,"WV",4.9
2020,"WV",8.35833333333333
2021,"WV",5.98
1976,"WY",3.85833333333333
1977,"WY",3.24166666666667
1978,"WY",2.85833333333333
1979,"WY",2.53333333333333
1980,"WY",3.825
1981,"WY",4.15
1982,"WY",5.96666666666667
1983,"WY",7.95833333333333
1984,"WY",6.30833333333333
1985,"WY",7.01666666666667
1986,"WY",8.60833333333333
1987,"WY",8.03333333333333
1988,"WY",6.43333333333333
1989,"WY",6.075
1990,"WY",5.125
1991,"WY",4.96666666666667
1992,"WY",5.41666666666667
1993,"WY",5.325
1994,"WY",4.88333333333333
1995,"WY",4.78333333333333
1996,"WY",5
1997,"WY",4.78333333333333
1998,"WY",4.79166666666667
1999,"WY",4.70833333333333
2000,"WY",3.75
2001,"WY",3.81666666666667
2002,"WY",4.00833333333333
2003,"WY",4.325
2004,"WY",3.84166666666667
2005,"WY",3.54166666666667
2006,"WY",3.00833333333333
2007,"WY",2.69166666666667
2008,"WY",2.93333333333333
2009,"WY",6.25833333333333
2010,"WY",6.94166666666667
2011,"WY",6.13333333333333
2012,"WY",5.5
2013,"WY",4.73333333333333
2014,"WY",4.34166666666667
2015,"WY",4.20833333333333
2016,"WY",5.33333333333333
2017,"WY",4.30833333333333
2018,"WY",4.025
2019,"WY",3.73333333333333
2020,"WY",5.85833333333333
2021,"WY",5.3
